chunk_id,start_page,category,title,content_preview
chunk_001,1,academic_rules,"[Sổ tay sinh viên] ĐẠI HỌC ĐÀ NẴNG","ĐẠI HỌC ĐÀ NẴNG TRƯỜNG ĐẠI HỌC NGOẠI NGỮ =====***=====  SỔ TAY SINH VIÊN Họ và tên Lớp sinh hoạt Mã số sinh viên Khóa "
chunk_002,2,academic_rules,"[Sổ tay sinh viên] LỜI NÓI ĐẦU","LỜI NÓI ĐẦU Các em sinh viên thân mến, Trường Đại học Ngoại ngữ, Đại học Đà Nẵng xin chúc mừng và chia vui cùng các em. "
chunk_003,3,academic_rules,"[Sổ tay sinh viên] MỤC LỤC","MỤC LỤC LỜI NÓI ĐẦU ...................................................................................................."
chunk_004,4,academic_rules,"[Sổ tay sinh viên] Phần 1","Phần 1  TỔNG QUAN"
chunk_005,5,academic_rules,"[Sổ tay sinh viên] Quá trình hình thành và phát triển","1.1. Quá trình hình thành và phát triển Ngày 05/4/1985, Cơ sở Đại học Sư phạm Ngoại ngữ Đà Nẵng – tiền thân của Trường Đ"
chunk_006,6,academic_rules,"[Sổ tay sinh viên] 1.4. Đội ngũ giảng viên","1.4. Đội ngũ giảng viên - Đội ngũ giảng viên của Trường đảm bảo đạt yêu cầu về trình độ và chuẩn năng lực theo Quy định "
chunk_007,7,academic_rules,"[Sổ tay sinh viên] 1.6. Cơ cấu tổ chức","1.6. Cơ cấu tổ chức  6"
chunk_008,8,academic_rules,"[Sổ tay sinh viên] Phần 2","Phần 2  QUY CHẾ HỌC VỤ"
chunk_009,9,academic_rules,"[Quy chế đào tạo theo tín chỉ] Điều 1. Ban hành kèm theo Quyết định này “Quy chế đào tạo trình độ đại học theo tín; Điều 2. Quyết định này có hiệu lực","2.1. Quy chế đào tạo trình độ đại học theo tín chỉ của Trường Đại học Ngoại ngữ ĐẠI HỌC ĐÀ NẴNG TRƯỜNG ĐẠI HỌC NGOẠI NGỮ"
chunk_010,10,academic_rules,"[Quy chế đào tạo theo tín chỉ] Chương I; Điều 1. Phạm vi điều chỉnh; Điều 2. Đối tượng áp dụng","ĐẠI HỌC ĐÀ NẴNG TRƯỜNG ĐẠI HỌC NGOẠI NGỮ  CỘNG HÒA XÃ HỘI CHỦ NGHĨA VIỆT NAM Độc lập - Tự do - Hạnh phúc  QUY CHẾ ĐÀO TẠ"
chunk_011,11,academic_rules,"[Quy chế đào tạo theo tín chỉ] Điều 5. Tín chỉ","kế và được kết cấu riêng như một phần của môn học hoặc được kết cấu dưới dạng tổ hợp từ nhiều môn học. Từng học phần phả"
chunk_012,12,academic_rules,"[Quy chế đào tạo theo tín chỉ] Điều 6. Tổ chức lớp học; Điều 7. Thời gian học tập; Điều 8. Phương thức tổ chức đào tạo","học cho sinh viên, đánh giá kết quả tự học của sinh viên và số giờ tiếp xúc sinh viên ngoài giờ lên lớp. Điều 6. Tổ chức"
chunk_013,13,academic_rules,"[Quy chế đào tạo theo tín chỉ] Điều 9. Hình thức đào tạo; Chương II; Điều 10. Kế hoạch giảng dạy và học tập","2. Đào tạo theo tín chỉ là phương thức tổ chức đào tạo theo từng lớp học phần, cho phép sinh viên tích lũy tín chỉ của t"
chunk_014,14,academic_rules,"[Quy chế đào tạo theo tín chỉ] Điều 11. Đăng ký nhập học; Điều 12. Sắp xếp sinh viên vào học các chương trình hoặc ngành đào tạo; Điều 13. Tổ chức đăn","Điều 11. Đăng ký nhập học 1. Để được nhận vào học tại Trường sinh viên phải nộp cho trường đầy đủ những giấy tờ theo quy"
chunk_015,15,academic_rules,"[Quy chế đào tạo theo tín chỉ] Điều 15. Đăng ký học lại và học cải thiện điểm; Điều 16. Tổ chức giảng dạy và học tập","2. Việc rút bớt học phần so với khối lượng đã đăng ký chỉ được chấp nhận trong tuần học đầu tiên của học kỳ chính và khô"
chunk_016,16,academic_rules,"[Quy chế đào tạo theo tín chỉ] Chương III; Điều 17. Đánh giá học phần; Điều 18. Tổ chức kiểm tra giữa kỳ và thi kết thúc học phần","Chương III ĐÁNH GIÁ KẾT QUẢ HỌC TẬP Điều 17. Đánh giá học phần 1. Đối với mỗi học phần, sinh viên được đánh giá qua tối "
chunk_017,17,academic_rules,"[Quy chế đào tạo theo tín chỉ] tới một chữ số thập phân và xếp loại điểm chữ như dưới đây, trừ các trường hợp được quy","tới một chữ số thập phân và xếp loại điểm chữ như dưới đây, trừ các trường hợp được quy định tại điểm c khoản này. b) Th"
chunk_018,18,academic_rules,"[Quy chế đào tạo theo tín chỉ] Điều 20. Đánh giá kết quả học tập theo học kỳ, năm học; Điều 19);","b) Những học phần được miễn học và công nhận tín chỉ theo quy định của Trường. Điều 20. Đánh giá kết quả học tập theo họ"
chunk_019,19,academic_rules,"[Quy chế đào tạo theo tín chỉ] Điều 21. Xếp hạng năm đào tạo và học lực sinh viên","b) Tính điểm trung bình chung theo công thức sau và làm tròn đến hai chữ số thập phân. n  A=  a n i  i =1  i  n  n i "
chunk_020,20,academic_rules,"[Quy chế đào tạo theo tín chỉ] Điều 22. Xử lý kết quả học tập","Xếp hạng năm đào tạo Trình độ năm thứ nhất Trình độ năm thứ hai Trình độ năm thứ ba Trình độ năm thứ tư Trình độ năm thứ"
chunk_021,21,academic_rules,"[Quy chế đào tạo theo tín chỉ] Điều 23. Công nhận kết quả học tập và chuyển đổi tín chỉ; Chương IV; Điều 24. Thực tập tốt nghiệp","Điều 23. Công nhận kết quả học tập và chuyển đổi tín chỉ 1. Kết quả học tập của người học đã tích lũy từ một trình độ đà"
chunk_022,22,academic_rules,"[Quy chế đào tạo theo tín chỉ] Điều 27. Thời gian, điều kiện xét tốt nghiệp và công nhận tốt nghiệp; Điều 28. Cấp bằng tốt nghiệp","4. Tổ chức học, thi các học phần chuyên môn cuối khoá được thực hiện giống như các học phần bình thường. 5. Điểm thực tậ"
chunk_023,23,academic_rules,"[Quy chế đào tạo theo tín chỉ] Chương V; Điều 29. Nghỉ học tạm thời, thôi học; Điều 30. Chuyển ngành, chuyển nơi học, chuyển cơ sở đào tạo, chuyển hìn","6. Sinh viên không đủ điều kiện tốt nghiệp được cấp giấy xác nhận về các học phần đã tích luỹ trong chương trình đào tạo"
chunk_024,24,academic_rules,"[Quy chế đào tạo theo tín chỉ] Điều 31. Trao đổi sinh viên và hợp tác trong đào tạo; Điều 32. Học cùng lúc hai chương trình","c) Nơi chuyển đến có đủ các điều kiện bảo đảm chất lượng, chưa vượt quá năng lực đào tạo đối với chương trình, ngành đào"
chunk_025,25,academic_rules,"[Quy chế đào tạo theo tín chỉ] Điều 33. Học liên thông đối với người có văn bằng khác","a) Khi học chương trình thứ hai, sinh viên được công nhận kết quả của những học phần có nội dung và khối lượng kiến thức"
chunk_026,26,academic_rules,"[Quy chế đào tạo theo tín chỉ] Điều 34. Xử lý vi phạm đối với sinh viên; Chương VI; Điều 35. Điều kiện thực hiện liên kết đào tạo","đổi tín chỉ, sinh viên được miễn trừ các học phần tương ứng với những khối lượng học tập đã tích lũy theo quy định tại Đ"
chunk_027,27,academic_rules,"[Quy chế đào tạo theo tín chỉ] Điều 37. Trách nhiệm của các bên tham gia liên kết đào tạo; Chương VII; Điều 38. Chế độ báo cáo","2. Văn bản đề nghị của Ủy ban nhân dân cấp tỉnh hoặc văn bản đề nghị thực hiện liên kết đào tạo của cơ quan có thẩm quyề"
chunk_028,28,academic_rules,"[Quy chế đào tạo theo tín chỉ] Điều 40. Công khai thông tin; Chương VIII; Điều 41. Hiệu lực văn bản","2. Tài liệu khác liên quan đến tuyển sinh, đào tạo được lưu trữ, bảo quản trong suốt quá trình đào tạo. 3. Việc tiêu hủy"
chunk_029,29,academic_rules,"[Quy chế đào tạo theo tín chỉ] Phụ lục I","Phụ lục I HỒ SƠ CHUYỂN NGÀNH, CHUYỂN NƠI HỌC, CHUYỂN CƠ SỞ ĐÀO TẠO, CHUYỂN HÌNH THỨC HỌC Hồ sơ thủ tục về chuyển ngành, "
chunk_030,30,academic_rules,"[Quy chế đào tạo theo tín chỉ] Phụ lục II","Phụ lục II QUY TRÌNH, THỦ TỤC, HỒ SƠ XÉT TUYỂN HỌC CHƯƠNG TRÌNH THỨ HAI 1. Quy trình đăng ký, xét tuyển học cùng lúc hai"
chunk_031,31,academic_rules,"[Quy chế đào tạo theo tín chỉ] Phụ lục III","Phụ lục III HỒ SƠ ĐĂNG KÝ ĐÀO TẠO LIÊN THÔNG Hồ sơ đăng ký đào tạo liên thông do Trường trình cơ quan có thẩm quyền quyế"
chunk_032,32,academic_rules,"[Quy chế đào tạo theo tín chỉ] Mẫu LK-01","Mẫu LK-01 CỘNG HOÀ XÃ HỘI CHỦ NGHĨA VIỆT NAM Độc lập - Tự do - Hạnh phúc DANH SÁCH GIẢNG VIÊN CƠ HỮU GIẢNG DẠY VÀ CÁN BỘ"
chunk_033,33,academic_rules,"[Quy chế đào tạo theo tín chỉ] Mẫu LK-02","Mẫu LK-02 CỘNG HOÀ XÃ HỘI CHỦ NGHĨA VIỆT NAM Độc lập - Tự do - Hạnh phúc CƠ SỞ VẬT CHẤT (Tại cơ sở phối hợp đào tạo) Ngà"
chunk_034,34,exams,"[Quy định tổ chức thi KTHP] Điều 1. Ban hành kèm theo Quyết định này Quy định tổ chức thi kết thúc học phần; Điều 2. Quyết định này có hiệu lực kể từ ","2.2. Quy định việc tổ chức thi kết thúc học phần ĐẠI HỌC ĐÀ NẴNG TRƯỜNG ĐẠI HỌC NGOẠI NGỮ  CỘNG HÒA XÃ HỘI CHỦ NGHĨA VIỆ"
chunk_035,35,exams,"[Quy định tổ chức thi KTHP] CHƯƠNG I; Điều 1: Phạm vi điều chỉnh và đối tượng áp dụng; Điều 2: Mục đích – Yêu cầu","ĐẠI HỌC ĐÀ NẴNG TRƯỜNG ĐẠI HỌC NGOẠI NGỮ  CỘNG HÒA XÃ HỘI CHỦ NGHĨA VIỆT NAM Độc lập - Tự do - Hạnh phúc  QUY ĐỊNH Về vi"
chunk_036,36,exams,"[Quy định tổ chức thi KTHP] CHƯƠNG II; Điều 5: Kỳ thi và hình thức thi; Điều 6: Điều kiện để được dự thi kết thúc học phần","5. Các phòng: Đào tạo, Kế hoạch tài chính, Thanh tra – Pháp chế, Cơ sở vật chất, Tổ chức Hành chính và Trung tâm Công ng"
chunk_037,37,exams,"[Quy định tổ chức thi KTHP] Điều 7: Hoãn thi kết thúc học phần; Điều 8. Lịch thi","viên chưa đóng học phí” về các khoa và Phòng KT&ĐBCLGD để xử lý không cho thi đối với các sinh viên có tên trong danh sá"
chunk_038,38,exams,"[Quy định tổ chức thi KTHP] Điều 9. Lập danh sách, phân phòng thi; Điều 10. Phân công cán bộ coi thi; Điều 11. Số lượng và tiêu chuẩn cán bộ coi thi","4. Lịch thi được công bố chậm nhất 03 tuần trước ngày bắt đầu đợt thi, là cơ sở để  các đơn vị có liên quan phối hợp tổ "
chunk_039,39,exams,"[Quy định tổ chức thi KTHP] Điều 12. Trách nhiệm của sinh viên dự thi; Chương VII của Quy định này;","Số lượng sinh Số lượng CBCT Số lượng CBCT Số lượng CB Coi viên trong phòng bài thi làm bài bài thi làm bài và chấm thi t"
chunk_040,40,exams,"[Quy định tổ chức thi KTHP] Điều 13. Trách nhiệm của cán bộ coi thi","Sinh viên chỉ được nộp bài, rời phòng thi sớm nhất sau 2/3 thời gian làm bài. Riêng đối với hình thức thi trắc nghiệm, t"
chunk_041,41,exams,"[Quy định tổ chức thi KTHP] Điều 14. Tổ chức coi thi, giám sát kỳ thi kết thúc học phần","3. Trách nhiệm của cán bộ coi thi trên máy tính - CBCT có mặt trước giờ thi 15 phút để nhận phòng máy tính từ đơn vị quả"
chunk_042,42,exams,"[Quy định tổ chức thi KTHP] Điều 15. Chuẩn bị phòng thi và trang thiết bị; CHƯƠNG III; Điều 16. Chuẩn bị đề thi và quản lý đề thi các môn riêng","phạm. Trong mỗi buổi thi, sẽ có 01 cán bộ của Phòng TTPC và 01 cán bộ của Phòng KT&ĐBCLGD làm công tác giám sát. 4. Kết "
chunk_043,43,exams,"[Quy định tổ chức thi KTHP] Điều 17. Chuẩn bị đề thi và quản lý đề thi các môn chung; Điều 18. Yêu cầu đối với đề thi","Chi phí thanh toán tiền ra đề thi thực hiện theo Quy chế chi tiêu nội bộ, được tính theo số lượng bộ đề thi (không tính "
chunk_044,44,exams,"[Quy định tổ chức thi KTHP] Điều 19. Bốc thăm đề thi","4. Thời gian làm bài thi: - Đối với hình thức thi viết (bao gồm tự luận, trắc nghiệm): thời gian thi tương  ứng với số t"
chunk_045,45,exams,"[Quy định tổ chức thi KTHP] Điều 20. In sao và đóng gói đề thi; Chương IV; Điều 21. Trách nhiệm quản lý coi thi","Điều 20. In sao và đóng gói đề thi 1. Công tác in sao, đóng gói và bảo mật đề thi các môn riêng do các khoa phụ trách và"
chunk_046,46,exams,"[Quy định tổ chức thi KTHP] Điều 23. Tiếp nhận, bàn giao bài thi, điểm thi và hồ sơ buổi thi; Chương V; Điều 24. Chấm thi các môn riêng","4. Cán bộ coi thi có mặt tại phòng thi được phân công 15 phút trước giờ thi để  gọi sinh viên vào phòng thi. 5. Sau khi "
chunk_047,47,exams,"[Quy định tổ chức thi KTHP] Điều 25. Chấm thi các môn chung","8. Cán bộ chấm thi chịu trách nhiệm nhập điểm túi bài mà mình chấm vào hệ  thống quản lý đào tạo (để nhập được điểm, lãn"
chunk_048,48,exams,"[Quy định tổ chức thi KTHP] Điều 26. Phúc khảo bài thi; Chương VI; Điều 27. Lưu trữ hồ sơ thi","7. Cán bộ chấm thi 1 là người nhập điểm vào hệ thống và có trách nhiệm in kết  quả thi ra, ký xác nhận của cả 02 cán bộ "
chunk_049,49,exams,"[Quy định tổ chức thi KTHP] Chương VII; Điều 29. Khen thưởng; Điều 30. Xử lý vi phạm đối với cán bộ, viên chức vi phạm quy định thi","Chương VII KHEN THƯỞNG VÀ XỬ LÝ VI PHẠM Điều 29. Khen thưởng Các cán bộ, viên chức và sinh viên Nhà trường hoàn thành tố"
chunk_050,50,exams,"[Quy định tổ chức thi KTHP] Điều 31. Xử lý sinh viên vi phạm trong thi kết thúc học phần","3. Đối với Cán bộ thuộc Trường ĐHNN vi phạm ở mức khiển trách ở năm nào,  sẽ không được xếp đánh giá thi đua ở mức độ da"
chunk_051,51,exams,"[Quy định tổ chức thi KTHP] Chương VIII; Điều 32. Công tác phối hợp; Điều 33. Hiệu lực thi hành","5. Đối với các vi phạm nghiêm trọng khác, ngoài các hình thức xử lý vi phạm  nêu trên, Nhà trường có thể chuyển hồ sơ ch"
chunk_052,52,exams,"[Quy định tổ chức thi KTHP] Đơn vị","Bước  Đơn vị  Nội dung công việc  Đơn vị  đăng ký hình thức thi (1 tuần phản hồi) 1  Khảo thí  kết thúc đăng ký, xác nhậ"
chunk_053,53,exams,"[Quy định tổ chức thi KTHP] Phụ lục 2: Quy trình phúc khảo bài thi:","Phụ lục 2: Quy trình phúc khảo bài thi: Bước NỘI DUNG CÔNG VIỆC THỜI GIAN 1 Xây dựng kế hoạch phúc khảo Cùng lúc với kế "
chunk_054,53,exams,"[Quy định tổ chức thi KTHP] Phụ lục 2: Quy trình phúc khảo bài thi:","- Môn riêng: Thư ký, Giáo vụ Khoa Kiểm tra đơn phúc khảo: Ngay khi tiếp - Môn chung: nhận đơn phúc Cán bộ Kiểm tra đầy đ"
chunk_055,54,exams,"[Quy định tổ chức thi KTHP] Lãnh đạo Bộ môn,","Lãnh đạo Bộ môn, Khoa  8  9  Xử lý kết quả chấm: Trong vòng Điểm của bài thi được chấm độc lập theo thang 3 ngày kể từ đ"
chunk_056,55,exams,"[Quy định tổ chức thi KTHP] Điều 1. Ban hành kèm theo Quyết định này Quy định tổ chức thi kết thúc học phần; Điều 2. Quyết định này có hiệu lực kể từ ","ĐẠI HỌC ĐÀ NẴNG TRƯỜNG ĐẠI HỌC NGOẠI NGỮ Số: 2114 /QĐ-ĐHNN  CỘNG HOÀ XÃ HỘI CHỦ NGHĨA VIỆT NAM Độc lập - Tự do - Hạnh ph"
chunk_057,56,exams,"[Quy định tổ chức thi KTHP] Chương I; Điều 1. Phạm vi điều chỉnh và đối tượng áp dụng; Điều 2. Mục đích, yêu cầu","ĐẠI HỌC ĐÀ NẴNG TRƯỜNG ĐẠI HỌC NGOẠI NGỮ  CỘNG HOÀ XÃ HỘI CHỦ NGHĨA VIỆT NAM Độc lập - Tự do - Hạnh phúc  QUY ĐỊNH Tổ c"
chunk_058,57,exams,"[Quy định tổ chức thi KTHP] Chương II; Điều 4. Quy trình tổ chức; Điều 5. Hình thức thi","5. Cán bộ coi thi (CBCT), Cán bộ chấm thi (CBChT), Cán bộ kỹ thuật (CBKT), Cán bộ giám sát (CBGS) là viên chức, giảng vi"
chunk_059,58,exams,"[Quy định tổ chức thi KTHP] Điều 7. Đề thi; Điều 8. Chuẩn bị kỳ thi; Điều 9. Tổ chức thi","3. Phòng KT&ĐBCLGD chủ trì tổ chức thi các học phần môn chung; Khoa, Bộ môn chủ trì tổ chức các học phần môn riêng (sau "
chunk_060,59,exams,"[Quy định tổ chức thi KTHP] Điều 12. Trách nhiệm của Cán bộ coi thi; Điều 13. Trách nhiệm của Cán bộ kỹ thuật","khi cán bộ coi thi cho phép thí sinh đăng nhập vào phần mềm thi/hệ thống thi thì sẽ không được dự thi học phần đó. 3. Bả"
chunk_061,60,exams,"[Quy định tổ chức thi KTHP] Điều 14. Trách nhiệm của Cán bộ giám sát thi; Điều 15. Trách nhiệm của Thư ký coi thi; Điều 16. Trách nhiệm của Lãnh đạo t","Điều 14. Trách nhiệm của Cán bộ giám sát thi 1. Có mặt đúng giờ thi để thực hiện công tác giám sát thi. 2. Mỗi CBGS giám"
chunk_062,61,exams,"[Quy định tổ chức thi KTHP] Chương IV; Điều 19. Xử lý các sự cố thi; Điều 20. Xử lý thí sinh vi phạm quy định thi","2. Đơn vị tổ chức phân công thư ký lập danh sách thí sinh đăng ký đề nghị phúc khảo sau đó chuyển đến các Khoa chuyên mô"
chunk_063,62,exams,"[Quy định tổ chức thi KTHP] Chương V; Điều 21. Công tác phối hợp; Điều 22. Hiệu lực thi hành","học tập 01 năm đối với trường hợp vi phạm lần thứ nhất và buộc thôi học đối với trường hợp vi phạm lần thứ hai; Thí sinh"
chunk_064,63,vstep,"[Quy định chuẩn đầu ra ngoại ngữ] Điều 1. Ban hành kèm theo Quyết định này Quy định chuẩn đầu ra ngoại ngữ và; Điều 3. Trưởng phòng Phòng Đào tạo, Trư","2.3. Quy định chuẩn đầu ra ngoại ngữ và công nhận chứng chỉ năng lực ngoại ngữ để xét chuẩn đầu ra ngoại ngữ trình độ đạ"
chunk_065,64,vstep,"[Quy định chuẩn đầu ra ngoại ngữ] Chương I; Điều 1. Phạm vi điều chỉnh và đối tượng áp dụng; Điều 2. Yêu cầu về năng lực ngoại ngữ","ĐẠI HỌC ĐÀ NẴNG TRƯỜNG ĐẠI HỌC NGOẠI NGỮ  CỘNG HÒA XÃ HỘI CHỦ NGHĨA VIỆT NAM Độc lập – Tự do – Hạnh phúc  QUY ĐỊNH CHUẨN"
chunk_066,65,vstep,"[Quy định chuẩn đầu ra ngoại ngữ] Điều 5. Kết quả thi đánh giá năng lực ngoại ngữ chuẩn đầu ra do Trường ĐHNN,; Điều 6. Thời hạn và hiệu lực của chứng","Điều 5. Kết quả thi đánh giá năng lực ngoại ngữ chuẩn đầu ra do Trường ĐHNN, ĐHĐN tổ chức Nhà trường tổ chức các đợt thi"
chunk_067,66,vstep,"[Quy định chuẩn đầu ra ngoại ngữ] Điều 11. Trách nhiệm của Phòng Đào tạo; Chương IV; Điều 12. Hiệu lực thi hành","3. Phối hợp với Phòng Đào tạo thông báo kết quả đạt chuẩn đầu ra ngoại ngữ đến sinh viên. Điều 11. Trách nhiệm của Phòng"
chunk_068,67,vstep,"[Quy định chuẩn đầu ra ngoại ngữ] PHỤ LỤC I.1","PHỤ LỤC I.1 QUY ĐỊNH CHUẨN ĐẦU RA NGOẠI NGỮ CỦA CÁC NGÀNH ĐÀO TẠO (Áp dụng cho sinh viên từ khoá tuyển sinh năm 2021 tr"
chunk_069,68,vstep,"[Quy định chuẩn đầu ra ngoại ngữ] Năng lực ngoại ngữ","Năng lực ngoại ngữ Năng lực ngoại ngữ hai chuyên môn Ngôn ngữ Hàn Quốc Tiếng Hàn Quốc đạt trình Đạt trình độ bậc 3 (cấp "
chunk_070,69,vstep,"[Quy định chuẩn đầu ra ngoại ngữ] STT Ngành/ Chuyên ngành","STT Ngành/ Chuyên ngành  Năng lực ngoại ngữ chuyên môn  7  Ngôn ngữ Anh (tiếng Tiếng Anh đạt trình độ bậc Anh Du lịch) ("
chunk_071,70,vstep,"[Quy định chuẩn đầu ra ngoại ngữ] PHỤ LỤC I.2","PHỤ LỤC I.2 QUY ĐỊNH CHUẨN ĐẦU RA NGOẠI NGỮ CỦA CÁC NGÀNH ĐÀO TẠO (Áp dụng cho sinh viên từ khoá tuyển sinh năm 2022 tr"
chunk_072,71,vstep,"[Quy định chuẩn đầu ra ngoại ngữ] Năng lực ngoại ngữ","STT  10  11  12  13  14  15  1  2  3  4  5  Năng lực ngoại ngữ chuyên môn Quốc; tiếng Hàn truyền hoặc tương đương thông)"
chunk_073,72,vstep,"[Quy định chuẩn đầu ra ngoại ngữ] Năng lực ngoại ngữ","STT  Ngành cao)  Năng lực ngoại ngữ chuyên môn tương đương.  6  Ngôn ngữ Hàn Quốc (đào Tiếng Hàn Quốc đạt trình tạo chươ"
chunk_074,73,vstep,"[Quy định chuẩn đầu ra ngoại ngữ] PHỤ LỤC II.1","PHỤ LỤC II.1 BẢNG QUY ĐỔI CHỨNG CHỈ NGOẠI NGỮ QUỐC TẾ TƯƠNG ỨNG VỚI KHUNG NĂNG LỰC NGOẠI NGỮ 6 BẬC DÙNG CHO VIỆT NAM (Đ"
chunk_075,73,vstep,"[Quy định chuẩn đầu ra ngoại ngữ] PHỤ LỤC II.1","Bậc 3 5.5-6.0 B1 4.5-5.0 46-93 31-45 VSTEP.3-5 600-845 140-160 130-150 160 – 179 6.0-8.0 B1 Preliminary/Preliminary for "
chunk_076,73,vstep,"[Quy định chuẩn đầu ra ngoại ngữ] PHỤ LỤC II.1","2. Tiếng Pháp Tiếng Pháp KNLNN Việt Nam CEFR Bậc 6 DELF và DALF TCF C2 Dalf C2 TCF C2 (600-699 điểm) Bậc 5 C1 Dalf C1 TC"
chunk_077,74,vstep,"[Quy định chuẩn đầu ra ngoại ngữ] KNLNN Việt","KNLNN Việt Nam CEFR Bậc 6 C2 Bậc 5 C1 Bậc 4 B2 Bậc 3 B1 Bậc 2 A2 Bậc 1 A1 4. Tiếng Nga ТРКИ-4 Тест по русскому языку как"
chunk_078,74,vstep,"[Quy định chuẩn đầu ra ngoại ngữ] KNLNN Việt","Tiếng Trung Quốc HSK TOCFL C2 Level 6 Điểm đạt: 180/200 Level 6 Điểm đạt: 61/80 Bậc 5 C1 Level 5 Điểm đạt: 180/200 Level"
chunk_079,74,vstep,"[Quy định chuẩn đầu ra ngoại ngữ] KNLNN Việt","Điểm đạt: 41/80 Khung NLNN VN CEFR TOPIK Bậc 6 C2 Cấp 6 Bậc 5 C1 Cấp 5 Bậc 4 B2 Cấp 4 Bậc 3 B1 Cấp 3 Bậc 2 A2 Cấp 2 Bậc "
chunk_080,75,vstep,"[Quy định chuẩn đầu ra ngoại ngữ] PHỤ LỤC II.2","PHỤ LỤC II.2 BẢNG THAM CHIẾU QUY ĐỔI CHỨNG CHỈ NGOẠI NGỮ TƯƠNG ỨNG VỚI KHUNG NĂNG LỰC NGOẠI NGỮ 6 BẬC DÙNG CHO VIỆT NAM"
chunk_081,75,vstep,"[Quy định chuẩn đầu ra ngoại ngữ] PHỤ LỤC II.2","C2 8.0-9.0 TOEIC (4 kỹ năng) TOEFL iBT (120) Cambridge Tests (230) Key/Key for Schools (KET) 100-119 A2 Key/Key for Scho"
chunk_082,75,vstep,"[Quy định chuẩn đầu ra ngoại ngữ] PHỤ LỤC II.2","90-120 600-845 140-160 130-150 850-940 170-180 160-180 945-990 190-200 190-200 2. Tiếng Pháp Tiếng Pháp KNLNN Việt Nam C"
chunk_083,75,vstep,"[Quy định chuẩn đầu ra ngoại ngữ] PHỤ LỤC II.2","C2 Dalf C2 TCF C2 (600-699 điểm) 3. Tiếng Nga KNLNN Việt Nam CEFR Bậc 1 A1 Bậc 2 A2 Tiếng Nga ТЭУ Тест по русскому языку"
chunk_084,76,vstep,"[Quy định chuẩn đầu ra ngoại ngữ] Việt Nam","KNLNN Việt Nam CEFR Bậc 3 B1 Bậc 4 B2 Bậc 5 C1 Bậc 6 C2 Tiếng Nga ТРКИ-1 Тест по русскому языку как иностранному - 1 Cer"
chunk_085,76,vstep,"[Quy định chuẩn đầu ra ngoại ngữ] Việt Nam","Level 2 Bậc 3 B1 Level 3 Level 3 Bậc 4 B2 Level 4 Level 4 Bậc 5 C1 Level 5 Level 5 Bậc 6 C2 Level 6 Level 6 KNLNN Việt N"
chunk_086,76,vstep,"[Quy định chuẩn đầu ra ngoại ngữ] Việt Nam","B2 Cấp 4 Bậc 5 C1 Cấp 5 Bậc 6 C2 Cấp 6 2. Tiếng Hàn Quốc"
chunk_087,77,vstep,"[Quy định chuẩn đầu ra ngoại ngữ] PHỤ LỤC II.3","PHỤ LỤC II.3 BẢNG THAM CHIẾU QUY ĐỔI CHỨNG CHỈ NGOẠI NGỮ TƯƠNG ỨNG VỚI KHUNG NĂNG LỰC NGOẠI NGỮ 6 BẬC DÙNG CHO VIỆT NAM"
chunk_088,77,vstep,"[Quy định chuẩn đầu ra ngoại ngữ] PHỤ LỤC II.3","VSTEP .3-5 6.0-8.0 5.5 46 Bậc 5 C1 VSTEP .3-5 8.5-10 7.0 94 Bậc 6 C2 8.5 110 Cambridge (230) Nghe (5 – 495) Đọc (5 – 495"
chunk_089,77,vstep,"[Quy định chuẩn đầu ra ngoại ngữ] PHỤ LỤC II.3","50 89 30 69 A1 A2 Key/Key for Schools (KET) 120-139 - B1 Preliminary/Preli minary for Schools (PET) - B1 Business Prelim"
chunk_090,77,vstep,"[Quy định chuẩn đầu ra ngoại ngữ] PHỤ LỤC II.3","120 149 B1 Level 2 140159 400 489 385 454 160 179 150 179 B2 Level 3 160179 490 495 455 495 180 200 180 200 C1 Level 4 1"
chunk_091,77,vstep,"[Quy định chuẩn đầu ra ngoại ngữ] PHỤ LỤC II.3","Chứng chỉ ngoại ngữ quốc tế DELF và DALF TCF Delf A1 TCF A1 (100-199 điểm) KNLNN Việt Nam CEFR Bậc 1 A1 Bậc 2 A2 Delf A2"
chunk_092,78,vstep,"[Quy định chuẩn đầu ra ngoại ngữ] KNLNN Việt Nam","KNLNN Việt Nam 4. CEFR Bậc 1 A1 Bậc 2 A2 Bậc 3 B1 Bậc 4 B2 Bậc 5 C1 Bậc 6 C2 Chứng chỉ ngoại ngữ quốc tế ТЭУ Тест по рус"
chunk_093,78,vstep,"[Quy định chuẩn đầu ra ngoại ngữ] KNLNN Việt Nam","TOCFL Bậc 1 A1 HSK Level 1 + HSKK Sơ cấp Level 1 Bậc 2 A2 HSK Level 2 + HSKK Sơ cấp Level 2 Bậc 3 B1 HSK Level 3 + HSKK "
chunk_094,78,vstep,"[Quy định chuẩn đầu ra ngoại ngữ] KNLNN Việt Nam","Cấp 1 Bậc 2 A2 Cấp 2 Bậc 3 B1 Cấp 3 Bậc 4 B2 Cấp 4 Bậc 5 C1 Cấp 5 Bậc 6 C2 Cấp 6 TOPIK"
chunk_095,79,vstep,"[Quy định chuẩn đầu ra ngoại ngữ] PHỤ LỤC II.4","PHỤ LỤC II.4 BẢNG THAM CHIẾU QUY ĐỔI CHỨNG CHỈ NGOẠI NGỮ TIẾNG NHẬT TƯƠNG ỨNG VỚI KHUNG NĂNG LỰC NGOẠI NGỮ 6 BẬC DÙNG C"
chunk_096,79,vstep,"[Quy định chuẩn đầu ra ngoại ngữ] PHỤ LỤC II.4","Bậc 5 C1 N2 (từ 120 điểm) 2Q (từ 120 điểm) Cấp Pre-B đến Cấp Pre-A Bậc 6 C2 N1 1Q Cấp A đến Cấp A đặc biệt - Đối với sin"
chunk_097,79,vstep,"[Quy định chuẩn đầu ra ngoại ngữ] PHỤ LỤC II.4","B1 N4 4Q Cấp D Bậc 4 B2 N3 3Q Cấp C Bậc 5 C1 N2 2Q Cấp Pre-B đến Cấp Pre-A Bậc 6 C2 N1 1Q Cấp A đến Cấp A đặc biệt 78"
chunk_098,80,vstep,"[Quy định chuẩn đầu ra ngoại ngữ] 2. Bảng tham chiếu quy đổi áp dụng đối với các chứng chỉ quốc tế tiếng Nhật cấp từ","2. Bảng tham chiếu quy đổi áp dụng đối với các chứng chỉ quốc tế tiếng Nhật cấp từ ngày 01.12.2025 áp dụng đối với sinh"
chunk_099,81,vstep,"[Quy định chuẩn đầu ra ngoại ngữ] QUY TRÌNH CÔNG NHẬN CHỨNG CHỈ NĂNG LỰC NGOẠI NGỮ","QUY TRÌNH CÔNG NHẬN CHỨNG CHỈ NĂNG LỰC NGOẠI NGỮ ĐỂ XÉT CHUẨN ĐẦU RA NGOẠI NGỮ  STT  Đơn vị/Cá nhân thực hiện  1  Sinh v"
chunk_100,82,vstep,"[Quy định chuẩn đầu ra ngoại ngữ] ĐẠI HỌC ĐÀ NẴNG","ĐẠI HỌC ĐÀ NẴNG TRƯỜNG ĐẠI HỌC NGOẠI NGỮ  CỘNG HOÀ XÃ HỘI CHỦ NGHĨA VIỆT NAM Độc lập -Tự do – Hạnh phúc  DANH SÁCH SINH "
chunk_101,83,vstep,"[Quy định chuẩn đầu ra ngoại ngữ] ĐẠI HỌC ĐÀ NẴNG","ĐẠI HỌC ĐÀ NẴNG CỘNG HÒA XÃ HỘI CHỦ NGHĨA VIỆT NAM TRƯỜNG ĐẠI HỌC NGOẠI NGỮ Độc lập - Tự do - Hạnh phúc Số: 459/ĐHNN-ĐT "
chunk_102,84,it_systems,"[Chuẩn đầu ra tin học] Điều 1. Ban hành kèm theo Quyết định này là “Quy định Chuẩn đầu ra Tin học áp dụng cho; Điều 3. Các Ông (Bà) Trưởng Phòng Tổ ch","2.4. Chuẩn đầu ra tin học ĐẠI HỌC ĐÀ NẴNG TRƯỜNG ĐẠI HỌC NGOẠI NGỮ  CỘNG HÒA XÃ HỘI CHỦ NGHĨA VIỆT NAM Độc lập – Tự do –"
chunk_103,85,it_systems,"[Chuẩn đầu ra tin học] Điều 1. Phạm vi điều chỉnh và đối tượng áp dụng; Điều 2. Yêu cầu về Chuẩn đầu ra tin học; Điều 3. Tổ chức giảng dạy công nghệ t","ĐẠI HỌC ĐÀ NẴNG TRƯỜNG ĐẠI HỌC NGOẠI NGỮ  CỘNG HÒA XÃ HỘI CHỦ NGHĨA VIỆT NAM Độc lập – Tự do – Hạnh phúc  QUY ĐỊNH Chuẩn"
chunk_104,86,it_systems,"[Chuẩn đầu ra tin học] thông tin cơ bản” cho sinh viên của Trường và các đối tượng có nhu cầu, theo quy định hiện","thông tin cơ bản” cho sinh viên của Trường và các đối tượng có nhu cầu, theo quy định hiện hành của Nhà nước. 4. Các cá "
chunk_105,87,academic_rules,"[Quy chế công tác sinh viên] Phần 3","Phần 3  CÔNG TÁC SINH VIÊN  86"
chunk_106,88,academic_rules,"[Quy chế công tác sinh viên] Điều 1. Ban hành kèm theo Quyết định này “Quy chế công tác sinh viên Trường Đại","3.1. Quy chế công tác sinh viên Quy chế công tác sinh viên Trường Đại học Ngoại ngữ, ĐHĐN đối với chương trình đào tạo đ"
chunk_107,89,academic_rules,"[Quy chế công tác sinh viên] Điều 2. Quyết định này có hiệu lực kể từ ngày ký.; Điều 3. Trưởng phòng Phòng Công tác Sinh viên, Trưởng các đơn vị và cá","Điều 2. Quyết định này có hiệu lực kể từ ngày ký. Điều 3. Trưởng phòng Phòng Công tác Sinh viên, Trưởng các đơn vị và cá"
chunk_108,90,academic_rules,"[Quy chế công tác sinh viên] Chương I; Điều 1. Phạm vi điều chỉnh và đối tượng áp dụng; Điều 2. Sinh viên","ĐẠI HỌC ĐÀ NẴNG TRƯỜNG ĐẠI HỌC NGOẠI NGỮ  CỘNG HOÀ XÃ HỘI CHỦ NGHĨA VIỆT NAM Độc lập - Tự do - Hạnh phúc  QUY CHẾ Công t"
chunk_109,91,academic_rules,"[Quy chế công tác sinh viên] Điều 5. Nghĩa vụ của sinh viên","3. Được đăng ký dự tuyển đi học ở nước ngoài theo quy định hiện hành, tham gia các hoạt động trao đổi, giao lưu sinh viê"
chunk_110,92,academic_rules,"[Quy chế công tác sinh viên] Điều 6. Các hành vi sinh viên không được làm","cực tham gia các phong trào, các cuộc vận động về chính trị, tư tưởng, đạo đức do ngành giáo dục, ĐHĐN và Trường ĐHNN ph"
chunk_111,93,academic_rules,"[Quy chế công tác sinh viên] Chương III; Điều 7. Cơ cấu tổ chức, quản lý công tác sinh viên của Trường Đại học Ngoại","3. Hút thuốc, uống rượu, bia trong giờ học. 4. Tham gia tệ nạn xã hội, gây rối an ninh, trật tự an toàn trong ĐHĐN, các "
chunk_112,94,academic_rules,"[Quy chế công tác sinh viên] Điều 8. Lớp sinh viên; Điều 9. Lớp học phần","nhiệm công tác cố vấn học tập và chủ nhiệm lớp sinh viên. Hiệu trưởng quy định cụ thể về trách nhiệm, chế độ đối với cố "
chunk_113,95,academic_rules,"[Quy chế công tác sinh viên] Chương IV; Điều 10. Nội dung, hình thức khen thưởng; Điều 11. Trình tự, thủ tục xét khen thưởng","Chương IV KHEN THƯỞNG VÀ KỶ LUẬT SINH VIÊN Điều 10. Nội dung, hình thức khen thưởng 1. Công tác khen thưởng đối với công"
chunk_114,96,academic_rules,"[Quy chế công tác sinh viên] Điều 12. Hình thức kỷ luật và nội dung vi phạm; Điều 13. Trình tự, thủ tục và hồ sơ xét kỷ luật","b) Biên bản họp xét đề nghị khen thưởng của lớp sinh viên; c) Biên bản họp xét đề nghị khen thưởng của Khoa/Đơn vị liên "
chunk_115,97,academic_rules,"[Quy chế công tác sinh viên] Điều 14. Chấm dứt hiệu lực của quyết định kỷ luật; Điều 15. Cơ cấu tổ chức và nhiệm vụ của Hội đồng khen thưởng và kỷ luậ","- GVCN/CVHT chủ trì họp với tập thể lớp sinh viên, phân tích và đề nghị hình thức kỷ luật gửi lên Khoa/Tổ chuyên môn. - "
chunk_116,98,academic_rules,"[Quy chế công tác sinh viên] Điều 16. Quyền khiếu nại về khen thưởng, kỷ luật; Chương V; Điều 17. Tổ chức các hoạt động giáo dục, tuyên truyền","- Các ủy viên: Là đại diện lãnh đạo các khoa, phòng, Tổ chuyên môn có liên quan; Đoàn TNCS Hồ Chí Minh, Hội sinh viên Tr"
chunk_117,99,academic_rules,"[Quy chế công tác sinh viên] Điều 18. Công tác quản lý sinh viên","sóc sức khỏe ban đầu và phòng chống dịch theo quy định của các Bộ, Ban ngành liên quan và Tổ Y tế của Nhà trường; c) Tạo"
chunk_118,100,academic_rules,"[Quy chế công tác sinh viên] Điều 19. Hỗ trợ và dịch vụ sinh viên; Chương VI; Điều 20. Công tác phối hợp","Điều 19. Hỗ trợ và dịch vụ sinh viên 1. Tư vấn học tập Tư vấn, hỗ trợ sinh viên xây dựng kế hoạch, phương pháp học tập p"
chunk_119,101,academic_rules,"[Quy chế công tác sinh viên] Điều 22. Công tác thanh tra, kiểm tra, khen thưởng, kỷ luật; Điều 23. Trách nhiệm thi hành","Trường và các cơ quan có thẩm quyền về những vụ việc phức tạp, nghiêm trọng xảy ra có liên quan đến sinh viên hoặc những"
chunk_120,102,academic_rules,"[Quy chế công tác sinh viên] PHỤ LỤC","PHỤ LỤC MỘT SỐ NỘI DUNG VI PHẠM VÀ KHUNG XỬ LÝ KỶ LUẬT SINH VIÊN ÁP DỤNG ĐỐI VƠI CÁC CSGDĐHTV, ĐVTT (Ban hành kèm Quyết "
chunk_121,102,academic_rules,"[Quy chế công tác sinh viên] PHỤ LỤC","quy 3. Vô lễ với thầy cô giáo, CBVC, NLĐ trong nhà trường Lần 1 Lần 2 Lần 3 Trong trường hợp đặc biệt nghiêm trọng, có t"
chunk_122,102,academic_rules,"[Quy chế công tác sinh viên] PHỤ LỤC","tra. Xử lý theo Quy chế đào tạo 8. Cố tình chậm nộp hoặc không nộp học phí, bảo hiểm y tế theo quy định mà không có lý d"
chunk_123,103,academic_rules,"[Quy chế công tác sinh viên] Làm hư hỏng tài sản trong","9. Làm hư hỏng tài sản trong KTX và các tài sản khác của cơ quan, đơn vị 10. Uống rượu, bia trong giờ học; say rượu, bia"
chunk_124,103,academic_rules,"[Quy chế công tác sinh viên] Làm hư hỏng tài sản trong","14. Buôn bán, vận chuyển, tàng trữ, lôi kéo người khác sử dụng ma tuý Lần 1 Giao cho cơ quan chức năng xử lý theo quy đị"
chunk_125,103,academic_rules,"[Quy chế công tác sinh viên] Làm hư hỏng tài sản trong","Xử lý theo quy định về xử lý sinh viên liên quan đến ma tuý (Thông tư số 31/2009/TT-BGDĐT) Lần 1 Lần 1 Lần 2 Lần 3 Giao "
chunk_126,104,academic_rules,"[Quy chế công tác sinh viên] tham gia tổ chức đánh nhau","tham gia tổ chức đánh nhau  theo quy định của pháp luật  22.  Kích động, lôi kéo người khác biểu tình, viết truyền đơn, "
chunk_127,105,training_points,"[Quy chế đánh giá kết quả rèn luyện] Chương I; Điều 1. Phạm vi điều chỉnh và đối tượng áp dụng; Điều 2. Nguyên tắc đánh giá kết quả rèn luyện của sinh","3.2. Quy chế đánh giá kết quả rèn luyện Hướng dẫn thực hiện Quy chế đánh giá kết quả rèn luyện của người học được đào tạ"
chunk_128,106,training_points,"[Quy chế đánh giá kết quả rèn luyện] Điều 5. Đánh giá về ý thức chấp hành nội quy, quy chế, quy định được thực hiện trong; Điều 6. Đánh giá về ý thức ","dự thi tất cả các học phần: 04 điểm; Không đủ điều kiện dự thi 01 học phần bị trừ 02 điểm. Không đủ điều kiện dự thi từ "
chunk_129,107,training_points,"[Quy chế đánh giá kết quả rèn luyện] Điều 7. Đánh giá về ý thức công dân trong quan hệ cộng đồng; Điều 8. Đánh giá về ý thức và kết quả khi tham gia c","- Có ý thức tham gia đầy đủ, nghiêm túc các hoạt động rèn luyện về chính trị, xã hội, văn hóa, văn nghệ, thể thao do nhà"
chunk_130,108,training_points,"[Quy chế đánh giá kết quả rèn luyện] Chương III; Điều 9. Phân loại kết quả rèn luyện; Điều 10. Đánh giá kết quả rèn luyện đối với các đối tượng sinh v","1. Khung điểm đánh giá từ 0 đến 10 điểm. Chương III PHÂN LOẠI VÀ QUY TRÌNH ĐÁNH GIÁ KẾT QUẢ RÈN LUYỆN Điều 9. Phân loại "
chunk_131,109,training_points,"[Quy chế đánh giá kết quả rèn luyện] Chương IV; Điều 12. Hội đồng đánh giá kết quả rèn luyện; Điều 13. Thời gian đánh giá kết quả rèn luyện","5. Kết quả đánh giá, phân loại rèn luyện của sinh viên phải được công bố công khai và thông báo cho sinh viên biết trước"
chunk_132,110,training_points,"[Quy chế đánh giá kết quả rèn luyện] Điều 15. Quyền khiếu nại; Chương V; Điều 16. Tổ chức thực hiện","1. Kết quả đánh giá rèn luyện từng học kỳ, năm học của sinh viên được lưu trong hồ sơ quản lý sinh viên của nhà trường, "
chunk_133,111,training_points,"[Quy chế đánh giá kết quả rèn luyện] PHIẾU ĐÁNH GIÁ KẾT QUẢ RÈN LUYỆN CỦA SINH VIÊN","PHIẾU ĐÁNH GIÁ KẾT QUẢ RÈN LUYỆN CỦA SINH VIÊN HỌC KỲ ..... NĂM HỌC ....... - ........ Họ và tên sinh viên : ..........."
chunk_134,112,training_points,"[Quy chế đánh giá kết quả rèn luyện] trường","trường (Vi phạm 01 lần bị trừ 02 điểm, từ lần vi phạm thứ ba trở đi bị trừ hết số điểm còn lại của tiêu chí) - Có ý thức"
chunk_135,113,training_points,"[Quy chế đánh giá kết quả rèn luyện] a) Có ý thức, tinh thần, thái độ, uy tín và đạt hiệu quả công việc khi","a) Có ý thức, tinh thần, thái độ, uy tín và đạt hiệu quả công việc khi sinh viên được phân công nhiệm vụ quản lý lớp, cá"
chunk_136,114,scholarship,"[Quy định học bổng KKHT] Chương I; Điều 1. Phạm vi điều chỉnh; Điều 2. Đối tượng áp dụng","3.3. Học bổng khuyến khích học tập; học bổng chính sách và miễn, giảm giá vé dịch vụ công cộng cho sinh viên 3.3.1. Nghị"
chunk_137,115,scholarship,"[Quy định học bổng KKHT] Chương II; Điều 4. Phong tặng danh hiệu Tiến sĩ danh dự","a) Thời gian nghỉ hè hằng năm của giáo viên cơ sở giáo dục mầm non, cơ sở giáo dục phổ thông, trường chuyên biệt là 08 t"
chunk_138,116,scholarship,"[Quy định học bổng KKHT] Điều 5. Phong tặng danh hiệu Giáo sư danh dự; Chương III; Điều 6. Chuyển đổi nhà trẻ, trường mẫu giáo, trường mầm non tư thục","đồng trường, hiệu trưởng, giám đốc ra quyết định phong tặng và tổ chức lễ trao tặng danh hiệu; c) Trong trường hợp cần t"
chunk_139,117,scholarship,"[Quy định học bổng KKHT] Điều 7. Chuyển đổi cơ sở giáo dục phổ thông tư thục sang cơ sở giáo dục phổ thông tư","d) Bản sao được cấp từ sổ gốc, bản sao được chứng thực từ bản chính hoặc bản sao kèm theo bản chính để đối chiếu báo cáo"
chunk_140,118,scholarship,"[Quy định học bổng KKHT] lợi tức; phần lợi nhuận tích lũy hằng năm thuộc sở hữu chung hợp nhất không phân chia để","lợi tức; phần lợi nhuận tích lũy hằng năm thuộc sở hữu chung hợp nhất không phân chia để tiếp tục đầu tư phát triển cơ s"
chunk_141,119,scholarship,"[Quy định học bổng KKHT] Chương IV; Điều 8. Học bổng khuyến khích học tập","Chương IV HỌC BỔNG KHUYẾN KHÍCH HỌC TẬP, HỌC BỔNG CHÍNH SÁCH VÀ MIỄN, GIẢM GIÁ VÉ DỊCH VỤ CÔNG CỘNG CHO HỌC SINH, SINH"
chunk_142,120,scholarship,"[Quy định học bổng KKHT] Điều 9. Học bổng chính sách","b) Đối với các cơ sở giáo dục nghề nghiệp, cơ sở giáo dục đại học: Học bổng khuyến khích học tập được bố trí tối thiểu 8"
chunk_143,121,scholarship,"[Quy định học bổng KKHT] c) Học sinh, sinh viên, học viên là đối tượng được hưởng chính sách theo quy định tại","c) Học sinh, sinh viên, học viên là đối tượng được hưởng chính sách theo quy định tại Điều này nhưng thuộc đối tượng đượ"
chunk_144,122,scholarship,"[Quy định học bổng KKHT] - Trong thời hạn 15 ngày kể từ ngày nhập học, sinh viên nộp hồ sơ trực tiếp hoặc qua","- Trong thời hạn 15 ngày kể từ ngày nhập học, sinh viên nộp hồ sơ trực tiếp hoặc qua đường bưu điện hoặc nộp trực tuyến "
chunk_145,123,scholarship,"[Quy định học bổng KKHT] hội nhận đủ hồ sơ theo quy định và không được truy lĩnh học bổng chính sách đối với thời","hội nhận đủ hồ sơ theo quy định và không được truy lĩnh học bổng chính sách đối với thời gian đã học từ trước thời điểm "
chunk_146,124,scholarship,"[Quy định học bổng KKHT] Điều 10. Miễn, giảm giá vé dịch vụ công cộng cho học sinh, sinh viên; Chương V; Điều 11. Hiệu lực thi hành","hợp học sinh, sinh viên, học viên chưa nhận được học bổng chính sách theo thời hạn quy định thì được truy lĩnh trong kỳ "
chunk_147,125,scholarship,"[Quy định học bổng KKHT] Điều 12. Trách nhiệm thi hành","31/2011/NĐ-CP ngày 11 tháng 5 năm 2011 sửa đổi, bổ sung một số điều của Nghị định số 75/2006/NĐ-CP ngày 02 tháng 8 năm 2"
chunk_148,126,scholarship,"[Quy định học bổng KKHT] Phụ lục","Phụ lục (Kèm theo Nghị định số 84/2020/NĐ-CP ngày 17 tháng 7 năm 2020 của Chính phủ) Mẫu số 01 Mẫu số 02 Mẫu số 03 Mẫu s"
chunk_149,127,scholarship,"[Quy định học bổng KKHT] Mẫu số 01","Mẫu số 01 CỘNG HÒA XÃ HỘI CHỦ NGHĨA VIỆT NAM Độc lập - Tự do - Hạnh phúc --------------BẢN CAM KẾT Tôi là..............."
chunk_150,128,scholarship,"[Quy định học bổng KKHT] Mẫu số 02","Mẫu số 02 CỘNG HÒA XÃ HỘI CHỦ NGHĨA VIỆT NAM Độc lập - Tự do - Hạnh phúc --------------ĐƠN ĐỀ NGHỊ CẤP HỌC BỔNG CHÍNH S"
chunk_151,129,scholarship,"[Quy định học bổng KKHT] Mẫu số 03","Mẫu số 03 CỘNG HÒA XÃ HỘI CHỦ NGHĨA VIỆT NAM Độc lập - Tự do - Hạnh phúc --------------ĐƠN ĐỀ NGHỊ CẤP HỌC BỔNG CHÍNH S"
chunk_152,130,scholarship,"[Quy định học bổng KKHT] Mẫu số 04","Mẫu số 04 CƠ QUAN CHỦ QUẢN....... ĐƠN VỊ THỰC HIỆN........... --------  CỘNG HÒA XÃ HỘI CHỦ NGHĨA VIỆT NAM Độc lập - Tự "
chunk_153,131,scholarship,"[Quy định học bổng KKHT] Điều 1. Ban hành kèm theo Quyết định này Quy định về xét, cấp học bổng khuyến khích học; Điều 2. Quyết định này có hiệu lực k","3.3.2. Quy định về xét, cấp học bổng khuyến khích học tập đối với sinh viên hệ chính quy của Trường Đại học Ngoại ngữ - "
chunk_154,132,scholarship,"[Quy định học bổng KKHT] Điều 1. Đối tượng áp dụng, phạm vi điều chỉnh; Điều 2. Tiêu chuẩn và điều kiện xét, cấp học bổng khuyến khích học tập","ĐẠI HỌC ĐÀ NẴNG TRƯỜNG ĐẠI HỌC NGOẠI NGỮ  CỘNG HOÀ XÃ HỘI CHỦ NGHĨA VIỆT NAM  Độc lập - Tự do - Hạnh phúc  QUY ĐỊNH Về x"
chunk_155,133,scholarship,"[Quy định học bổng KKHT] Điều 3. Các mức xét, cấp học bổng khuyến khích học tập; Điều 4. Quỹ học bổng khuyến khích học tập; Điều 5. Quy trình, thủ tục","5. Mỗi sinh viên chỉ được xét, cấp một suất HBKKHT trong một học kỳ. Trong học kỳ đầu của khoá học, sinh viên chưa được "
chunk_156,134,scholarship,"[Quy định học bổng KKHT] Điều 6: Điều khoản thi hành","chuyên ngành, chuyên ngành đặc thù; lập bảng phân phối học bổng và xét, lập danh sách sinh viên đề nghị xét, cấp học bổn"
chunk_157,135,tuition,"[Chính sách học phí, miễn giảm, hỗ trợ] Chương I; Điều 1. Phạm vi điều chỉnh; Điều 2. Đối tượng áp dụng","3.4. Chính sách miễn, giảm học phí Nghị định số 81/2021/NĐ-CP ngày 27/8/2021 quy định về cơ chế thu, quản lý học phí đối"
chunk_158,136,tuition,"[Chính sách học phí, miễn giảm, hỗ trợ] Điều 3. Giải thích từ ngữ; Điều 4. Quản lý nhà nước về giá dịch vụ trong lĩnh vực giáo dục, đào tạo","nghiệp; các cơ sở giáo dục thuộc hệ thống giáo dục quốc dân theo quy định của Luật Giáo dục, Luật Giáo dục đại học, Luật"
chunk_159,137,tuition,"[Chính sách học phí, miễn giảm, hỗ trợ] Điều 5. Nguyên tắc xác định giá dịch vụ trong lĩnh vực giáo dục, đào tạo; Điều 6. Phương pháp định giá và thẩm","3. Ủy ban nhân dân cấp tỉnh thực hiện quản lý nhà nước về học phí, giá các dịch vụ khác trong lĩnh vực giáo dục, đào tạo"
chunk_160,138,tuition,"[Chính sách học phí, miễn giảm, hỗ trợ] người dân và tốc độ tăng chỉ số giá tiêu dùng, tốc độ tăng trưởng kinh tế hàng năm, lộ trình","người dân và tốc độ tăng chỉ số giá tiêu dùng, tốc độ tăng trưởng kinh tế hàng năm, lộ trình tính giá dịch vụ giáo dục, "
chunk_161,139,tuition,"[Chính sách học phí, miễn giảm, hỗ trợ] Điều 9. Học phí đối với giáo dục mầm non, phổ thông","địa bàn không đủ trường công lập trình Hội đồng nhân dân cấp tỉnh phê duyệt và quyết định mức hỗ trợ tiền đóng học phí c"
chunk_162,140,tuition,"[Chính sách học phí, miễn giảm, hỗ trợ] Điều 10. Học phí đối với giáo dục nghề nghiệp","a) Từ năm học 2023 - 2024 trở đi, khung học phí được điều chỉnh theo tỷ lệ phù hợp với điều kiện kinh tế xã hội của địa "
chunk_163,141,tuition,"[Chính sách học phí, miễn giảm, hỗ trợ] Sức khỏe","6 Sức khỏe 1.140 7 Dịch vụ, du lịch và môi trường 940 8 An ninh, quốc phòng 940 b) Mức trần học phí đối với các chương t"
chunk_164,141,tuition,"[Chính sách học phí, miễn giảm, hỗ trợ] Sức khỏe","a) Đối với cơ sở giáo dục nghề nghiệp công lập chưa tự bảo đảm chi thường xuyên: Căn cứ danh mục ngành, nghề đào tạo cấp"
chunk_165,141,tuition,"[Chính sách học phí, miễn giảm, hỗ trợ] Sức khỏe","2.324 1.660 1.820 1.445 2.040 1.955 1.400 2.380 1.700 1.870 1.700 2.400 2.300 1.650 2.800 2.000 2.200 140"
chunk_166,142,tuition,"[Chính sách học phí, miễn giảm, hỗ trợ] b) Đối với cơ sở giáo dục nghề nghiệp công lập tự bảo đảm chi thường xuyên: Mức học","b) Đối với cơ sở giáo dục nghề nghiệp công lập tự bảo đảm chi thường xuyên: Mức học phí tối đa không quá 2 lần so với mứ"
chunk_167,143,tuition,"[Chính sách học phí, miễn giảm, hỗ trợ] Điều 11. Học phí đối với giáo dục đại học","8. Đối với các cơ sở giáo dục nghề nghiệp do các tổ chức kinh tế, doanh nghiệp nhà nước quản lý trực tiếp: Thủ trưởng cá"
chunk_168,144,tuition,"[Chính sách học phí, miễn giảm, hỗ trợ] Đơn vị: nghìn đồng/sinh viên/tháng","Đơn vị: nghìn đồng/sinh viên/tháng Khối ngành Năm học 2021 -2022 Khối ngành I: Khoa học giáo dục và đào tạo giáo viên 2."
chunk_169,144,tuition,"[Chính sách học phí, miễn giảm, hỗ trợ] Đơn vị: nghìn đồng/sinh viên/tháng","và đào tạo giáo viên 1.250 1.410 1.590 1.790 Khối ngành II: Nghệ thuật 1.200 1.350 1.520 1.710 Khối ngành III: Kinh doan"
chunk_170,144,tuition,"[Chính sách học phí, miễn giảm, hỗ trợ] Đơn vị: nghìn đồng/sinh viên/tháng","1.850 2.090 2.360 2.660 Khối ngành VI.2: Y dược 2.450 2.760 3.110 3.500 Khối ngành VII: Nhân văn, khoa học xã hội và hàn"
chunk_171,145,tuition,"[Chính sách học phí, miễn giảm, hỗ trợ] b) Cơ sở giáo dục đại học công lập tự bảo đảm chi thường xuyên: Mức học phí được","b) Cơ sở giáo dục đại học công lập tự bảo đảm chi thường xuyên: Mức học phí được xác định tối đa bằng 2 lần mức trần học"
chunk_172,146,tuition,"[Chính sách học phí, miễn giảm, hỗ trợ] Chương III; Điều 12. Thu học phí","9. Quy định mức thu học phí đối với các cơ sở giáo dục đại học công lập: Căn cứ vào quy định trần học phí tại Điều này t"
chunk_173,147,tuition,"[Chính sách học phí, miễn giảm, hỗ trợ] Điều 13. Quản lý và sử dụng học phí; Chương IV; Điều 14. Đối tượng không phải đóng học phí","4. Các cơ sở giáo dục có trách nhiệm tổ chức thu học phí và nộp học phí vào ngân hàng thương mại hoặc Kho bạc Nhà nước đ"
chunk_174,148,tuition,"[Chính sách học phí, miễn giảm, hỗ trợ] hội đối với đối tượng bảo trợ xã hội. Người học các trình độ trung cấp, cao đẳng mồ côi cả","hội đối với đối tượng bảo trợ xã hội. Người học các trình độ trung cấp, cao đẳng mồ côi cả cha lẫn mẹ, không nơi nương t"
chunk_175,149,tuition,"[Chính sách học phí, miễn giảm, hỗ trợ] Điều 16. Đối tượng được giảm học phí và hỗ trợ tiền đóng học phí; Điều 17. Không thu học phí có thời hạn; Điều","Điều 16. Đối tượng được giảm học phí và hỗ trợ tiền đóng học phí 1. Các đối tượng được giảm 70% học phí gồm: a) Học sinh"
chunk_176,150,tuition,"[Chính sách học phí, miễn giảm, hỗ trợ] Điều 19. Hồ Sơ thủ tục thực hiện miễn giảm học phí, hỗ trợ chi phí học tập, hỗ trợ tiền","Mục 2 QUY TRÌNH THỦ TỤC THỰC HIỆN CHÍNH SÁCH MIỄN, GIẢM HỌC PHÍ VÀ PHƯƠNG THỨC CHI TRẢ Điều 19. Hồ Sơ thủ tục thực hiện "
chunk_177,151,tuition,"[Chính sách học phí, miễn giảm, hỗ trợ] Điều 16 Nghị định này;","- Sổ hưởng trợ cấp hàng tháng của cha hoặc mẹ bị tai nạn lao động hoặc mắc bệnh nghề nghiệp do tổ chức bảo hiểm xã hội c"
chunk_178,152,tuition,"[Chính sách học phí, miễn giảm, hỗ trợ] Điều 20. Cơ chế miễn giảm học phí, hỗ trợ chi phí học tập và hỗ trợ đóng học phí","quy định tại Phụ lục X gửi Bộ Tài chính tổng hợp, trình cấp có thẩm quyền bố trí kinh phí thực hiện trong dự toán ngân s"
chunk_179,153,tuition,"[Chính sách học phí, miễn giảm, hỗ trợ] Điều 18 Nghị định này với mức 150.000 đồng/học sinh/tháng để mua sách, vở và các đồ dùng; Điều 21. Phương thức","5. Không áp dụng miễn, giảm học phí đối với trường hợp đang hưởng lương và sinh hoạt phí khi đi học, các trường hợp học "
chunk_180,154,tuition,"[Chính sách học phí, miễn giảm, hỗ trợ] Điều 22. Phương thức chi trả tiền miễn, giảm học phí, hỗ trợ chi phí học tập đối với","phí hiện đang theo học tại trường, mức thu học phí của nhà trường, mức học phí miễn, giảm và kinh phí đề nghị cấp bù) và"
chunk_181,155,tuition,"[Chính sách học phí, miễn giảm, hỗ trợ] a) Phòng Giáo dục và Đào tạo chịu trách nhiệm chi trả, quyết toán kinh phí miễn, giảm","a) Phòng Giáo dục và Đào tạo chịu trách nhiệm chi trả, quyết toán kinh phí miễn, giảm học phí và hỗ trợ chi phí học tập "
chunk_182,156,tuition,"[Chính sách học phí, miễn giảm, hỗ trợ] Điều 23. Lập dự toán","Mục 3 LẬP, PHÂN BỔ DỰ TOÁN, QUYẾT TOÁN KINH PHÍ MIỄN, GIẢM HỌC PHÍ, HỖ TRỢ CHI PHÍ HỌC TẬP, HỖ TRỢ ĐÓNG HỌC PHÍ Điều 23"
chunk_183,157,tuition,"[Chính sách học phí, miễn giảm, hỗ trợ] Điều 11 Nghị định này, số lượng đối tượng được miễn, giảm học phí học ở các cơ sở giáo d; Điều 24. Phân bổ dự ","kinh phí miễn, giảm học phí và hỗ trợ đóng học phí cho người học tại các cơ sở giáo dục dân lập, tư thục gửi cơ quan tài"
chunk_184,158,tuition,"[Chính sách học phí, miễn giảm, hỗ trợ] Điều 26. Nguồn kinh phí; Chương V; Điều 27. Quy định chung về giá dịch vụ trong lĩnh vực giáo dục, đào tạo khi","Điều 26. Nguồn kinh phí Nguồn kinh phí thực hiện chế độ miễn, giảm học phí, hỗ trợ chi phí học tập và hỗ trợ đóng học ph"
chunk_185,159,tuition,"[Chính sách học phí, miễn giảm, hỗ trợ] Điều 29. Mức trần giá dịch vụ giáo dục đại học; Điều 30. Mức trần giá dịch vụ giáo dục nghề nghiệp","nhân dân cấp tỉnh để đề nghị Hội đồng nhân dân cấp tỉnh xem xét phê duyệt mức giá dịch vụ. Điều 29. Mức trần giá dịch vụ"
chunk_186,160,tuition,"[Chính sách học phí, miễn giảm, hỗ trợ] Chương VI; Điều 31. Tổ chức thực hiện; Điều 32. Điều khoản chuyển tiếp","Chương VI ĐIỀU KHOẢN THI HÀNH Điều 31. Tổ chức thực hiện 1. Bộ trưởng Bộ Giáo dục và Đào tạo, Bộ trưởng Bộ Lao động - Th"
chunk_187,161,tuition,"[Chính sách học phí, miễn giảm, hỗ trợ] Điều 33. Hiệu lực thi hành","thời gian tối đa 02 năm tính từ năm học 2021 - 2022 để thực hiện công tác kiểm định chất lượng. Nếu sau thời gian 02 năm"
chunk_188,162,tuition,"[Chính sách học phí, miễn giảm, hỗ trợ] Phụ lục I","Phụ lục I DANH MỤC VÙNG CÓ ĐIỀU KIỆN KINH TẾ- XÃ HỘI KHÓ KHĂN VÀ ĐẶC BIỆT KHÓ KHĂN (Kèm theo Nghị định số 81/2021/NĐ-CP "
chunk_189,163,tuition,"[Chính sách học phí, miễn giảm, hỗ trợ] Phụ lục II","Phụ lục II MIỄN, GIẢM HỌC PHÍ (Kèm theo Nghị định số 81/2021/NĐ-CP ngày 27 tháng 8 năm 2021 của Chính phủ) ___________ C"
chunk_190,164,tuition,"[Chính sách học phí, miễn giảm, hỗ trợ] Phụ lục III","Phụ lục III ĐƠN ĐỀ NGHỊ HỖ TRỢ CHI PHÍ HỌC TẬP (Kèm theo Nghị định số 81/2021/NĐ-CP ngày 27 tháng 8 năm 2021 của Chính p"
chunk_191,165,tuition,"[Chính sách học phí, miễn giảm, hỗ trợ] Phụ lục IV","Phụ lục IV ĐƠN ĐỀ NGHỊ MIỄN GIẢM HỌC PHÍ VÀ HỖ TRỢ CHI PHÍ HỌC TẬP (Kèm theo Nghị định số 81/2021/NĐ-CP ngày 27 tháng 8 "
chunk_192,166,tuition,"[Chính sách học phí, miễn giảm, hỗ trợ] Phụ lục V","Phụ lục V ĐƠN ĐỀ NGHỊ MIỄN, GIẢM HỌC PHÍ (Kèm theo Nghị định số 81/2021/NĐ-CP ngày 27 tháng 8 năm 2021 của Chính phủ) __"
chunk_193,167,tuition,"[Chính sách học phí, miễn giảm, hỗ trợ] Phụ lục VI","Phụ lục VI ĐƠN ĐỀ NGHỊ CHI TRẢ TIỀN MIỄN, GIẢM HỌC PHÍ, HỖ TRỢ TIỀN ĐÓNG HỌC PHÍ (Kèm theo Nghị định số 81/2021/NĐ-CP ng"
chunk_194,168,tuition,"[Chính sách học phí, miễn giảm, hỗ trợ] Phụ lục VII","Phụ lục VII ĐƠN ĐỀ NGHỊ CHI TRẢ TIỀN MIỄN, GIẢM HỌC PHÍ (Kèm theo Nghị định số 81/2021/NĐ-CP ngày 27 tháng 8 năm 2021 củ"
chunk_195,169,tuition,"[Chính sách học phí, miễn giảm, hỗ trợ] Phụ lục VIII","Phụ lục VIII GIẤY XÁC NHẬN (Kèm theo Nghị định số 81/2021/NĐ-CP ngày 27 tháng 8 năm 2021 của Chính phủ)  _______________"
chunk_196,170,tuition,"[Chính sách học phí, miễn giảm, hỗ trợ] Phụ lục IX","Phụ lục IX DỰ TOÁN KINH PHÍ CẤP BÙ TIỀN MIỄN, GIẢM HỌC PHÍ (Kèm theo Nghị định số 81/2021/NĐ-CP ngày 27 tháng 8 năm 2021"
chunk_197,171,tuition,"[Chính sách học phí, miễn giảm, hỗ trợ] Phụ lục X","Phụ lục X TỔNG HỢP DỰ TOÁN KINH PHÍ CẤP BÙ TIỀN MIỄN, GIẢM HỌC PHÍ (Kèm theo Nghị định số 81/2021/NĐ-CP ngày 27 tháng 8"
chunk_198,172,tuition,"[Chính sách học phí, miễn giảm, hỗ trợ] 3.5. Chế độ trợ cấp xã hội đối với sinh viên","3.5. Chế độ trợ cấp xã hội đối với sinh viên 3.5.1. Thông tư liên tịch số 53/1998/TTLT-BGDĐT-BTC-BLĐTBXH ngày 25 tháng 8"
chunk_199,173,tuition,"[Chính sách học phí, miễn giảm, hỗ trợ] tuỳ theo kết quả học tập và rèn luyện theo phân loại hiện hành, học sinh, sinh viên được","tuỳ theo kết quả học tập và rèn luyện theo phân loại hiện hành, học sinh, sinh viên được hưởng mức học bổng khuyến khích"
chunk_200,174,tuition,"[Chính sách học phí, miễn giảm, hỗ trợ] 3. Học sinh, sinh viên là người tàn tật theo quy định của Nhà nước tại Nghị định số","3. Học sinh, sinh viên là người tàn tật theo quy định của Nhà nước tại Nghị định số 81/CP ngày 23/11/1995 là những người"
chunk_201,175,tuition,"[Chính sách học phí, miễn giảm, hỗ trợ] khuyến khích học tập để lập dự toán chi về học bổng và trợ cấp xã hội, tổng hợp vào dự toán","khuyến khích học tập để lập dự toán chi về học bổng và trợ cấp xã hội, tổng hợp vào dự toán chi sự nghiệp giáo dục - đào"
chunk_202,176,tuition,"[Chính sách học phí, miễn giảm, hỗ trợ] nghề""; Thông tư 25/TT-LB ngày 15/9/1990 của liên Bộ Giáo dục và Đào tạo, Tài chính về","nghề""; Thông tư 25/TT-LB ngày 15/9/1990 của liên Bộ Giáo dục và Đào tạo, Tài chính về hướng dẫn thực hiện các Quyết định"
chunk_203,177,tuition,"[Chính sách học phí, miễn giảm, hỗ trợ] Điều 1. Sửa đổi, bổ sung khoản 4 mục I Phần II Thông tư Liên tịch số; Điều 2. Tổ chức thực hiện","3.5.2. Thông tư liên tịch số 18/2009/TTLT/BGDĐT-BTC-BLĐTBXH ngày 03 tháng 08 năm 2009 sửa đổi, bổ sung khoản 4 mục I Phầ"
chunk_204,178,tuition,"[Chính sách học phí, miễn giảm, hỗ trợ] KT. BỘ TRƯỞNG","KT. BỘ TRƯỞNG BỘ LAO ĐỘNGTHƯƠNG BINH VÀ XÃ HỘI THỨ TRƯỞNG  KT. BỘ TRƯỞNG BỘ TÀI CHÍNH THỨ TRƯỞNG  KT. BỘ TRƯỞNG BỘ GIÁO "
chunk_205,179,tuition,"[Chính sách học phí, miễn giảm, hỗ trợ] PHỤ LỤC","PHỤ LỤC MẪU GIẤY CHỨNG NHẬN HỌC SINH, SINH VIÊN THUỘC HỘ NGHÈO (kèm theo Thông tư liên tịch số……/2009/TTLT/BGDĐT-BTC-BLĐ"
chunk_206,180,tuition,"[Chính sách học phí, miễn giảm, hỗ trợ] Chương I; Điều 1. Phạm vi điều chỉnh và đối tượng áp dụng; Điều 2. Giải thích từ ngữ","3.6. Chính sách hỗ trợ tiền đóng học phí, chi phí sinh hoạt đối với sinh viên sư phạm 3.6.1. Nghị định số 116/2020/NĐ-CP"
chunk_207,181,tuition,"[Chính sách học phí, miễn giảm, hỗ trợ] Điều 3. Xác định nhu cầu đào tạo, giao nhiệm vụ, đặt hàng hoặc đấu thầu","Trong Nghị định này, các từ ngữ dưới đây được hiểu như sau: 1. Số tháng làm tròn khi tính thời gian làm việc trong ngành"
chunk_208,182,tuition,"[Chính sách học phí, miễn giảm, hỗ trợ] Chương II; Điều 4. Mức hỗ trợ và thời gian hỗ trợ; Điều 5. Lập dự toán, chi trả kinh phí hỗ trợ","Chương II CHÍNH SÁCH HỖ TRỢ TIỀN ĐÓNG HỌC PHÍ, CHI PHÍ SINH HOẠT VÀ BỒI HOÀN KINH PHÍ HỖ TRỢ Điều 4. Mức hỗ trợ và thời "
chunk_209,183,tuition,"[Chính sách học phí, miễn giảm, hỗ trợ] Điều 6. Bồi hoàn kinh phí hỗ trợ; Điều 7. Thủ tục đăng ký hỗ trợ tiền đóng học phí và chi phí sinh hoạt","Điều 6. Bồi hoàn kinh phí hỗ trợ 1. Đối tượng phải bồi hoàn kinh phí hỗ trợ tiền đóng học phí và chi phí sinh hoạt gồm: "
chunk_210,184,tuition,"[Chính sách học phí, miễn giảm, hỗ trợ] Điều 8. Chi phí bồi hoàn và cách tính chi phí bồi hoàn; Điều 9. Thu hồi chi phí bồi hoàn","5. Trong thời hạn 15 ngày kể từ ngày kết thúc nhận đơn đăng ký, cơ sở đào tạo giáo viên thống nhất với cơ quan giao nhiệ"
chunk_211,185,tuition,"[Chính sách học phí, miễn giảm, hỗ trợ] Chương III; Điều 10. Trách nhiệm của các bộ, ngành; Điều 11. Trách nhiệm của Ủy ban nhân dân cấp tỉnh","sinh viên sư phạm, Ủy ban nhân dân cấp tỉnh quyết định phương thức thu hồi, chính sách miễn, giảm hoặc xóa kinh phí bồi "
chunk_212,186,tuition,"[Chính sách học phí, miễn giảm, hỗ trợ] Điều 12. Trách nhiệm của cơ sở đào tạo giáo viên; Điều 13. Trách nhiệm của gia đình và người được cử đi đào tạ","Điều 12. Trách nhiệm của cơ sở đào tạo giáo viên 1. Căn cứ chỉ tiêu đào tạo được thông báo, thực hiện tuyển sinh, đào tạ"
chunk_213,187,tuition,"[Chính sách học phí, miễn giảm, hỗ trợ] Nơi nhận:","Nơi nhận: - Ban Bí thư Trung ương Đảng; - Thủ tướng, các Phó Thủ tướng Chính phủ; - Các bộ, cơ quan ngang bộ, cơ quan th"
chunk_214,188,tuition,"[Chính sách học phí, miễn giảm, hỗ trợ] Phụ lục","Phụ lục (Kèm theo Nghị định số 116/2020/NĐ-CP ngày 25 tháng 9 năm 2020 của Chính phủ) Mẫu số 01 Mẫu số 02  Đơn đề nghị h"
chunk_215,189,tuition,"[Chính sách học phí, miễn giảm, hỗ trợ] Mẫu số 01","Mẫu số 01 CỘNG HÒA XÃ HỘI CHỦ NGHĨA VIỆT NAM Độc lập - Tự do - Hạnh phúc ---------------ĐƠN ĐỀ NGHỊ HƯỞNG VÀ CAM KẾT BỒI"
chunk_216,190,tuition,"[Chính sách học phí, miễn giảm, hỗ trợ] Mẫu số 02","Mẫu số 02 CỘNG HÒA XÃ HỘI CHỦ NGHĨA VIỆT NAM Độc lập - Tự do - Hạnh phúc ---------------GIẤY XÁC NHẬN THỜI GIAN CÔNG TÁC"
chunk_217,191,tuition,"[Chính sách học phí, miễn giảm, hỗ trợ] Điều 1. Sửa đổi, bổ sung một số điều của Nghị định số 116/2020/NĐ-CP ngày 25 tháng 9","3.6.2. Nghị định điều chỉnh một số Điều của Nghị định số 116/2020/NĐ-CP ngày 25/9/2020 của Chính phủ quy định về chính s"
chunk_218,192,tuition,"[Chính sách học phí, miễn giảm, hỗ trợ] a) Căn cứ vào chỉ tiêu được thông báo của các cơ sở đào tạo giáo viên, các bộ, ngành, địa","a) Căn cứ vào chỉ tiêu được thông báo của các cơ sở đào tạo giáo viên, các bộ, ngành, địa phương thực hiện chính sách hỗ"
chunk_219,193,tuition,"[Chính sách học phí, miễn giảm, hỗ trợ] cho ngân sách địa phương thực hiện các chính sách an sinh xã hội được cấp có thẩm quyền","cho ngân sách địa phương thực hiện các chính sách an sinh xã hội được cấp có thẩm quyền ban hành áp dụng cho từng thời k"
chunk_220,194,tuition,"[Chính sách học phí, miễn giảm, hỗ trợ] Điều 6 Nghị định 116 theo Mẫu số 05 Phụ lục ban hành kèm theo Nghị định này gửi Bộ Giáo","5. Sinh viên sư phạm phải bồi hoàn kinh phí theo quy định tại khoản 1 Điều 6 Nghị định 116, nếu thuộc đối tượng được cơ "
chunk_221,195,tuition,"[Chính sách học phí, miễn giảm, hỗ trợ] Điều 2. Quy định chuyển tiếp; Điều 3. Điều khoản thi hành","“3. Định kỳ hằng năm thông báo cho Ủy ban nhân dân cấp tỉnh nơi sinh viên đăng ký thường trú, cơ quan giao nhiệm vụ, đặt"
chunk_222,196,tuition,"[Chính sách học phí, miễn giảm, hỗ trợ] Nơi nhận:","Nơi nhận: - Ban Bí thư Trung ương Đảng; - Thủ tướng, các Phó Thủ tướng Chính phủ; - Các bộ, cơ quan ngang bộ, cơ quan th"
chunk_223,197,tuition,"[Chính sách học phí, miễn giảm, hỗ trợ] PHỤ LỤC","PHỤ LỤC CÁC BIỂU MẪU (Kèm theo Nghị định số 60/2025/NĐ-CP ngày 03 tháng 03 năm 2025 của Chính phủ) Mẫu số 01  Đơn đề ngh"
chunk_224,198,tuition,"[Chính sách học phí, miễn giảm, hỗ trợ] CỘNG HÒA XÃ HỘI CHỦ NGHĨA VIỆT NAM","CỘNG HÒA XÃ HỘI CHỦ NGHĨA VIỆT NAM Độc lập - Tự do - Hạnh phúc --------------ĐƠN ĐỀ NGHỊ HƯỞNG VÀ CAM KẾT BỒI HOÀN HỌC P"
chunk_225,199,tuition,"[Chính sách học phí, miễn giảm, hỗ trợ] ỦY BAN NHÂN DÂN","ỦY BAN NHÂN DÂN TỈNH/TP ... ------- CỘNG HÒA XÃ HỘI CHỦ NGHĨA VIỆT NAM Độc lập - Tự do - Hạnh phúc --------------- Số: ."
chunk_226,199,tuition,"[Chính sách học phí, miễn giảm, hỗ trợ] ỦY BAN NHÂN DÂN","7140211 Sư phạm Vật lý 10 7140212 Sư phạm Hoá học 11 7140213 Sư phạm Sinh học 12 7140214 Sư phạm Kỹ thuật công nghiệp 13"
chunk_227,200,tuition,"[Chính sách học phí, miễn giảm, hỗ trợ] 7140228 Sư phạm Tiếng Chăm","24  7140228 Sư phạm Tiếng Chăm  25  7140229 Sư phạm Tiếng M'nông  26  7140230 Sư phạm Tiếng Xê đăng  27  7140231 Sư phạm"
chunk_228,201,tuition,"[Chính sách học phí, miễn giảm, hỗ trợ] ỦY BAN NHÂN DÂN","ỦY BAN NHÂN DÂN TỈNH/TP ... -------  CỘNG HÒA XÃ HỘI CHỦ NGHĨA VIỆT NAM Độc lập - Tự do - Hạnh phúc ---------------  Số:"
chunk_229,202,tuition,"[Chính sách học phí, miễn giảm, hỗ trợ] DANH SÁCH NGƯỜI HỌC PHẢI BỒI HOÀN KINH PHÍ HỖ TRỢ TIỀN ĐÓNG","DANH SÁCH NGƯỜI HỌC PHẢI BỒI HOÀN KINH PHÍ HỖ TRỢ TIỀN ĐÓNG HỌC PHÍ, SINH HOẠT PHÍ CHO SINH VIÊN SƯ PHẠM Tên người học đ"
chunk_230,203,tuition,"[Chính sách học phí, miễn giảm, hỗ trợ] Mẫu số 05","Mẫu số 05 ỦY BAN NHÂN DÂN TỈNH/TP ... -------  CỘNG HÒA XÃ HỘI CHỦ NGHĨA VIỆT NAM Độc lập - Tự do - Hạnh phúc ----------"
chunk_231,204,tuition,"[Chính sách học phí, miễn giảm, hỗ trợ] Chương I; Điều 1. Phạm vi điều chỉnh và đối tượng áp dụng; Điều 2. Giải thích từ ngữ","3.6.3. Văn bản số 01/VBHN-BGDĐT hợp nhất Nghị định số 116/2020/NĐ-CP ngày 25/9/2020 của Chính phủ quy định về chính sách"
chunk_232,205,tuition,"[Chính sách học phí, miễn giảm, hỗ trợ] Điều 3. Xác định nhu cầu đào tạo giáo viên và phương thức thực hiện hỗ trợ sinh viên sư; Chương II; Điều 4. Mứ","Trong Nghị định này, các từ ngữ dưới đây được hiểu như sau: 1. Số tháng làm tròn khi tính thời gian làm việc trong ngành"
chunk_233,206,tuition,"[Chính sách học phí, miễn giảm, hỗ trợ] Điều 5. Lập dự toán, nguồn kinh phí, chi trả chính sách hỗ trợ cho sinh viên sư phạm[5]; Điều 6. Bồi hoàn kinh","2. Thời gian hỗ trợ tiền đóng học phí và chi phí sinh hoạt được xác định theo số tháng thực tế học tập tại trường theo q"
chunk_234,207,tuition,"[Chính sách học phí, miễn giảm, hỗ trợ] Điều 7. Thủ tục đăng ký hỗ trợ tiền đóng học phí và chi phí sinh hoạt; Điều 8. Chi phí bồi hoàn và cách tính c","a) Trong thời hạn 02 năm kể từ ngày có quyết định công nhận tốt nghiệp, sinh viên sư phạm công tác trong ngành giáo dục "
chunk_235,208,tuition,"[Chính sách học phí, miễn giảm, hỗ trợ] Điều 9. Thu hồi kinh phí hỗ trợ[14]","3. Sinh viên sư phạm thuộc đối tượng quy định tại điểm b khoản 1 Điều 6 của Nghị định này phải bồi hoàn một phần kinh ph"
chunk_236,209,tuition,"[Chính sách học phí, miễn giảm, hỗ trợ] Chương III; Điều 10. Trách nhiệm của các bộ, ngành; Điều 11. Trách nhiệm của Ủy ban nhân dân cấp tỉnh[16]","7. Sinh viên sư phạm không thực hiện nghĩa vụ bồi hoàn thì cơ quan có thẩm quyền theo dõi, hướng dẫn, ra thông báo thu h"
chunk_237,210,tuition,"[Chính sách học phí, miễn giảm, hỗ trợ] Điều 12. Trách nhiệm của cơ sở đào tạo giáo viên; Điều 13. Trách nhiệm của người được hưởng chính sách hỗ trợ ","9. Hướng dẫn cơ quan giao nhiệm vụ, đặt hàng đào tạo giáo viên thực hiện nộp trả kinh phí bồi hoàn vào kho bạc nhà nước "
chunk_238,211,tuition,"[Chính sách học phí, miễn giảm, hỗ trợ] Điều 15. Hiệu lực và trách nhiệm thi hành","2015 của Chính phủ quy định về cơ chế thu, quản lý học phí đối với cơ sở giáo dục thuộc hệ thống giáo dục quốc dân và ch"
chunk_239,212,tuition,"[Chính sách học phí, miễn giảm, hỗ trợ] Phụ lục","Phụ lục (Kèm theo Nghị định quy định về chính sách hỗ trợ tiền đóng học phí, chi phí sinh hoạt đối với sinh viên sư phạm"
chunk_240,213,tuition,"[Chính sách học phí, miễn giảm, hỗ trợ] Mẫu số 01[26]","Mẫu số 01[26] CỘNG HÒA XÃ HỘI CHỦ NGHĨA VIỆT NAM Độc lập - Tự do - Hạnh phúc --------------ĐƠN ĐỀ NGHỊ HƯỞNG VÀ CAM KẾT "
chunk_241,214,tuition,"[Chính sách học phí, miễn giảm, hỗ trợ] Mẫu số 02","Mẫu số 02 CỘNG HÒA XÃ HỘI CHỦ NGHĨA VIỆT NAM Độc lập - Tự do - Hạnh phúc --------------GIẤY XÁC NHẬN THỜI GIAN CÔNG TÁC "
chunk_242,215,tuition,"[Chính sách học phí, miễn giảm, hỗ trợ] Mẫu số 03[27]","Mẫu số 03[27] ỦY BAN NHÂN DÂN TỈNH/TP … ------- CỘNG HÒA XÃ HỘI CHỦ NGHĨA VIỆT NAM Độc lập - Tự do - Hạnh phúc ---------"
chunk_243,215,tuition,"[Chính sách học phí, miễn giảm, hỗ trợ] Mẫu số 03[27]","Giáo dục Quốc phòng - An ninh 7 7140209 Sư phạm Toán học 8 7140210 Sư phạm Tin học 9 7140211 Sư phạm Vật lý 10 7140212 S"
chunk_244,215,tuition,"[Chính sách học phí, miễn giảm, hỗ trợ] Mẫu số 03[27]","Sư phạm Địa lý 17 7140221 Sư phạm Âm nhạc 18 7140222 Sư phạm Mỹ thuật 19 7140223 Sư phạm Tiếng Bana 20 7140224 Sư phạm T"
chunk_245,216,tuition,"[Chính sách học phí, miễn giảm, hỗ trợ] Sư phạm Tiếng Khmer","22 7140226 Sư phạm Tiếng Khmer 23 7140227 Sư phạm Tiếng H’mông 24 7140228 Sư phạm Tiếng Chăm 25 7140229 Sư phạm Tiếng M'"
chunk_246,216,tuition,"[Chính sách học phí, miễn giảm, hỗ trợ] Sư phạm Tiếng Khmer","32 7140236 Sư phạm Tiếng Nhật 33 7140237 Sư phạm Tiếng Hàn Quốc 34 7140246 Sư phạm công nghệ 35 7140247 Sư phạm khoa học"
chunk_247,217,tuition,"[Chính sách học phí, miễn giảm, hỗ trợ] Mẫu số 04[28]","Mẫu số 04[28] ỦY BAN NHÂN DÂN TỈNH/TP … -------  CỘNG HÒA XÃ HỘI CHỦ NGHĨA VIỆT NAM Độc lập - Tự do - Hạnh phúc --------"
chunk_248,218,tuition,"[Chính sách học phí, miễn giảm, hỗ trợ] DANH SÁCH NGƯỜI HỌC PHẢI BỒI HOÀN KINH PHÍ HỖ TRỢ TIỀN ĐÓNG","DANH SÁCH NGƯỜI HỌC PHẢI BỒI HOÀN KINH PHÍ HỖ TRỢ TIỀN ĐÓNG HỌC PHÍ, SINH HOẠT PHÍ CHO SINH VIÊN SƯ PHẠM Tên người học đ"
chunk_249,219,tuition,"[Chính sách học phí, miễn giảm, hỗ trợ] Mẫu số 05[29]","Mẫu số 05[29] ỦY BAN NHÂN DÂN TỈNH/TP … -------  CỘNG HÒA XÃ HỘI CHỦ NGHĨA VIỆT NAM Độc lập - Tự do - Hạnh phúc --------"
chunk_250,220,tuition,"[Chính sách học phí, miễn giảm, hỗ trợ] [1] Nghị định số 60/2025/NĐ-CP sửa đổi, bổ sung một số điều của Nghị định số","[1] Nghị định số 60/2025/NĐ-CP sửa đổi, bổ sung một số điều của Nghị định số 116/2020/NĐ-CP ngày 25 tháng 9 năm 2020 của"
chunk_251,221,tuition,"[Chính sách học phí, miễn giảm, hỗ trợ] tháng 9 năm 2020 của Chính phủ quy định về chính sách hỗ trợ tiền đóng học phí, chi phí sinh","tháng 9 năm 2020 của Chính phủ quy định về chính sách hỗ trợ tiền đóng học phí, chi phí sinh hoạt đối với sinh viên sư p"
chunk_252,222,tuition,"[Chính sách học phí, miễn giảm, hỗ trợ] Điều 3. Điều khoản thi hành","2. Đối với các địa phương đã ký hợp đồng với cơ sở đào tạo để thực hiện việc đào tạo sinh viên sư phạm thông qua hình th"
chunk_253,223,tuition,"[Chính sách học phí, miễn giảm, hỗ trợ] Điều 1. Phạm vi điều chỉnh và đối tượng áp dụng; Điều 2. Mức hỗ trợ; Điều 3. Kinh phí","3.7. Chính sách hỗ trợ chi phí học tập đối với sinh viên là người dân tộc thiểu số Quyết định 66/2013/QĐ-TTg quy định về"
chunk_254,224,tuition,"[Chính sách học phí, miễn giảm, hỗ trợ] Điều 6. Hiệu lực và trách nhiệm thi hành","a) Chủ trì, phối hợp với Bộ Tài chính hướng dẫn thực hiện chính sách hỗ trợ được quy định tại Quyết định này; b) Kiểm tr"
chunk_255,225,tuition,"[Chính sách học phí, miễn giảm, hỗ trợ] Điều 1. Phạm vi áp dụng:; Điều 2. Đối tượng được vay vốn:; Điều 3. Phương thức cho vay:","3.8. Chính sách tín dụng đối với sinh viên 3.8.1. Quyết định số 157/2007/QĐ-TTg ngày 27/9/2007 của Thủ tướng về tín dụng"
chunk_256,226,tuition,"[Chính sách học phí, miễn giảm, hỗ trợ] Điều 4. Điều kiện vay vốn:; Điều 5. Mức vốn cho vay:; Điều 6. Thời hạn cho vay:","Điều 4. Điều kiện vay vốn: 1. Học sinh, sinh viên đang sinh sống trong hộ gia đình cư trú hợp pháp tại địa phương nơi ch"
chunk_257,227,tuition,"[Chính sách học phí, miễn giảm, hỗ trợ] Điều 10. Ưu đãi lãi suất trong trường hợp trả nợ trước hạn:; Điều 11. Điều chỉnh kỳ hạn trả nợ, gia hạn trả nợ","3. Mức trả nợ mỗi lần do Ngân hàng Chính sách xã hội hướng dẫn và được thống nhất trong hợp đồng tín dụng. Điều 10. Ưu đ"
chunk_258,228,tuition,"[Chính sách học phí, miễn giảm, hỗ trợ] Điều 15. Điều khoản thi hành:","Các tổ chức, cá nhân thực hiện không đúng quy định về tín dụng đối với học sinh, sinh viên quy định tại Quyết định này, "
chunk_259,229,tuition,"[Chính sách học phí, miễn giảm, hỗ trợ] Điều 1. Điều chỉnh mức cho vay quy định tại Khoản 1 Điều 5 Quyết định số 157/2007/QĐTTg; Điều 2. Quyết định nà","3.8.2. Quyết định số 1656/QĐ-TTg ngày 19/11/2019 của Thủ tướng Chính phủ về việc điều chỉnh mức cho vay đối với học sinh"
chunk_260,230,academic_rules,"[Quy chế ngoại trú] Điều 1. Ban hành kèm theo Thông tư này Quy chế ngoại trú của học sinh, sinh viên các; Điều 2. Thông tư này có hiệu lực thi hành từ","3.9. Quy chế ngoại trú đối với sinh viên Thông tư số 27/2009/TT-BGDĐT ngày 19 tháng 10 năm 2009 ban hành Quy chế ngoại t"
chunk_261,231,academic_rules,"[Quy chế ngoại trú] Chương 1.; Điều 1. Phạm vi điều chỉnh và đối tượng áp dụng; Điều 2. Giải thích từ ngữ","QUY CHẾ NGOẠI TRÚ CỦA HỌC SINH, SINH VIÊN CÁC TRƯỜNG ĐẠI HỌC, CAO ĐẲNG, TRUNG CẤP CHUYÊN NGHIỆP HỆ CHÍNH QUY (Ban hành k"
chunk_262,232,academic_rules,"[Quy chế ngoại trú] Chương 3.; Điều 7. Công tác quản lý học sinh, sinh viên ngoại trú; Điều 8. Công tác phối hợp","1. Thực hiện nghĩa vụ theo quy định hiện hành của Quy chế học sinh, sinh viên trường đại học, cao đẳng và trung cấp chuy"
chunk_263,233,academic_rules,"[Quy chế ngoại trú] Chương 5.; Điều 11. Chế độ báo cáo; Điều 12. Kiểm tra, khen thưởng, kỷ luật","của học sinh, sinh viên theo nội dung Quy chế này đối với các nhà trường trực thuộc sở giáo dục và đào tạo. 2. Tham mưu "
chunk_264,234,academic_rules,"[Quy chế ngoại trú] PHỤ LỤC SỐ 1","PHỤ LỤC SỐ 1 CỘNG HÒA XÃ HỘI CHỦ NGHĨA VIỆT NAM Độc lập - Tự do - Hạnh phúc -----------  ĐƠN VỊ: ………………………  Kính gửi: ……"
chunk_265,235,academic_rules,"[Quy chế ngoại trú] PHỤ LỤC SỐ 2","PHỤ LỤC SỐ 2 ĐƠN VỊ: ……………………………….  CỘNG HÒA XÃ HỘI CHỦ NGHĨA VIỆT NAM Độc lập - Tự do - Hạnh phúc -----------  SỔ THEO"
chunk_266,236,training_points,"[Quy định hoạt động cộng đồng] Điều 1. Ban hành kèm theo Quyết định này “Quy định về việc tham gia hoạt động; Điều 2. Quyết định này có hiệu lực kể từ","3.10. Quy định hoạt động cộng đồng của sinh viên Quy định hoạt động cộng đồng của sinh viên Trường Đại học Ngoại ngữ, Đạ"
chunk_267,237,training_points,"[Quy định hoạt động cộng đồng] Điều 3. Trưởng phòng Phòng Công tác Sinh viên, Trưởng các đơn vị và cá nhân liên","Điều 3. Trưởng phòng Phòng Công tác Sinh viên, Trưởng các đơn vị và cá nhân liên quan căn cứ Quyết định thi hành./. Nơi "
chunk_268,238,training_points,"[Quy định hoạt động cộng đồng] Chương I; Điều 1. Đối tượng và phạm vi áp dụng; Điều 2. Giải thích từ ngữ","ĐẠI HỌC ĐÀ NẴNG TRƯỜNG ĐẠI HỌC NGOẠI NGỮ  CỘNG HOÀ XÃ HỘI CHỦ NGHĨA VIỆT NAM Độc lập - Tự do - Hạnh phúc  QUY ĐỊNH Về vi"
chunk_269,239,training_points,"[Quy định hoạt động cộng đồng] Chương II; Điều 5. Quyền lợi của sinh viên; Điều 6. Trách nhiệm của sinh viên","Chương II QUYỀN LỢI, TRÁCH NHIỆM CỦA SINH VIÊN KHI THAM GIA HOẠT ĐỘNG PHỤC VỤ CỘNG ĐỒNG Điều 5. Quyền lợi của sinh viên "
chunk_270,240,training_points,"[Quy định hoạt động cộng đồng] Điều 8. Tổ chức các HĐCĐ","d) Tham gia các hoạt động phục vụ cho sự phát triển hoặc các nhiệm vụ chung của Trường, phục vụ lợi ích của sinh viên do"
chunk_271,241,training_points,"[Quy định hoạt động cộng đồng] Điều 9. Quy định về cách tính điểm quy đổi các nhóm HĐCĐ; Điều 10. Đánh giá kết quả tham gia HĐCĐ","cụ thể để đảm bảo quản lý được sinh viên tham gia và tính hiệu quả của chương trình/hoạt động đó. d) Đối với các hoạt độ"
chunk_272,242,training_points,"[Quy định hoạt động cộng đồng] Chương IV; Điều 11. Hình thức khen thưởng; Điều 12. Xử lý các vi phạm của sinh viên khi tham gia các HĐCĐ","3. Cuối mỗi năm học, các đơn vị cần tổ chức hoặc lồng ghép tổ chức tổng kết để rút kinh nghiệm, đề ra các giải pháp nâng"
chunk_273,243,training_points,"[Quy định hoạt động cộng đồng] Điều 15. Chế độ báo cáo; Điều 16. Hiệu lực thi hành","2. Đoàn Thanh niên, Hội Sinh viên và các tổ chức đoàn thể khác ở cấp Trường ĐHNN a) Chủ động lập kế hoạch, tổ chức thực "
chunk_274,244,training_points,"[Quy định hoạt động cộng đồng] PHỤ LỤC 1","PHỤ LỤC 1 Điểm quy đổi các hoạt động phục vụ cộng đồng (Kèm theo Quyết định số: 916/QĐ-ĐHNN ngày 29/6/2022 của Hiệu trưở"
chunk_275,245,training_points,"[Quy định hoạt động cộng đồng] Có giải cấp ĐHĐN (hoặc tương đương)","Có giải cấp ĐHĐN (hoặc tương đương) Có giải cấp Trường (hoặc tương đương) Có giải cấp Khoa (hoặc tương đương) Tham gia n"
chunk_276,246,training_points,"[Quy định hoạt động cộng đồng] 3. Tham gia các hoạt động công tác sinh viên thường niên như khai giảng","3. Tham gia các hoạt động công tác sinh viên thường niên như khai giảng năm học mới, đón tân sinh viên nhập học, các sự "
chunk_277,247,training_points,"[Quy định hoạt động cộng đồng] PHỤ LỤC 2A","PHỤ LỤC 2A Điểm quy đổi các hoạt động phục vụ cộng đồng (Kèm theo Quyết định số: 916/QĐ-ĐHNN ngày 29/6/2022 của Hiệu trư"
chunk_278,248,training_points,"[Quy định hoạt động cộng đồng] PHỤ LỤC 2B","PHỤ LỤC 2B Điểm quy đổi các hoạt động phục vụ cộng đồng (Kèm theo Quyết định số: 916/QĐ-ĐHNN ngày 29/6/2022 của Hiệu trư"
chunk_279,249,academic_rules,"[Quy tắc ứng xử và NCKH] Điều 1. Ban hành kèm theo Quyết định này Quy định về quy tắc ứng xử của người; Điều 2. Quyết định này có hiệu lực kể từ ngày ","3.11. Quy định về quy tắc ứng xử của người học của Trường Đại học Ngoại ngữ, Đại học Đà Nẵng ĐẠI HỌC ĐÀ NẴNG CỘNG HÒA XÃ"
chunk_280,250,academic_rules,"[Quy tắc ứng xử và NCKH] Chương I; Điều 1. Phạm vi điều chỉnh và đối tượng áp dụng; Điều 2. Mục đích","ĐẠI HỌC ĐÀ NẴNG TRƯỜNG ĐẠI HỌC NGOẠI NGỮ  CỘNG HOÀ XÃ HỘI CHỦ NGHĨA VIỆT NAM Độc lập - Tự do - Hạnh phúc  QUY ĐỊNH Về qu"
chunk_281,251,academic_rules,"[Quy tắc ứng xử và NCKH] Điều 4. Giải thích từ ngữ; Chương II; Điều 5. Tuân thủ các chủ trương, đường lối của Đảng, chính sách, pháp luật của","9. Nâng cao tinh thần tiết kiệm, bảo vệ tài sản chung. Điều 4. Giải thích từ ngữ 1. Người học là người đang học tập và "
chunk_282,252,academic_rules,"[Quy tắc ứng xử và NCKH] Điều 8. Ứng xử trong giao tiếp hằng ngày; Điều 9. Ứng xử trên không gian mạng","5. Trực tiếp tố giác hoặc thông báo với đơn vị phụ trách (Khoa, Phòng) khi phát hiện các cá nhân/ tổ chức có hành vi gia"
chunk_283,253,academic_rules,"[Quy tắc ứng xử và NCKH] Điều 10. Ứng xử với cảnh quan, môi trường, tài sản công tại Trường; Điều 11. Một số vấn đề khác về ứng xử","5. Không phổ biến, tuyên truyền các thông tin chưa xác định nguồn gốc rõ ràng, ẩn danh, mang nội dung độc hại, tiêu cực,"
chunk_284,254,academic_rules,"[Quy tắc ứng xử và NCKH] Chương III; Điều 12. Trách nhiệm thực hiện; Điều 13. Tổ chức đánh giá","6. Khi muốn góp ý, hoặc gặp vấn đề cần phản ánh trong quá trình học tập, sinh hoạt tại Nhà trường, người học trao đổi tr"
chunk_285,255,academic_rules,"[Quy tắc ứng xử và NCKH] Điều 1. Ban hành kèm theo Quyết định này “Quy định hoạt động nghiên cứu khoa học; Điều 2. Quyết định này có hiệu lực thi hành","3.12. Quy định hoạt động nghiên cứu khoa học của sinh viên Quy định hoạt động nghiên cứu khoa học của sinh viên Đại học "
chunk_286,256,academic_rules,"[Quy tắc ứng xử và NCKH] Chương I; Điều 1. Phạm vi và đối tượng áp dụng; Điều 2. Mục tiêu hoạt động NCKH của sinh viên","BỘ GIÁO DỤC VÀ ĐÀO TẠO ĐẠI HỌC ĐÀ NẴNG  CỘNG HÒA XÃ HỘI CHỦ NGHĨA VIỆT NAM Độc lập -Tự do - Hạnh phúc  QUY ĐỊNH Hoạt độ"
chunk_287,257,academic_rules,"[Quy tắc ứng xử và NCKH] Chương II; Điều 6. Xây dựng kế hoạch hoạt động NCKH của sinh viên; Điều 7. Xác định danh mục đề tài, giao đề tài và triển kha","2. Trích từ nguồn thu hợp pháp của đơn vị cho hoạt động KH&CN theo quy định pháp luật hiện hành. 3. Tài trợ, viện trợ củ"
chunk_288,258,academic_rules,"[Quy tắc ứng xử và NCKH] Điều 8. Tổ chức đánh giá đề tài NCKH của sinh viên","3. Triển khai thực hiện đề tài a) Sinh viên triển khai đề tài theo đề cương đã được duyệt và hợp đồng thực hiện đề tài ("
chunk_289,259,academic_rules,"[Quy tắc ứng xử và NCKH] Điều 9. Công nhận kết quả thực hiện đề tài NCKH của sinh viên; Điều 10. Tổ chức hội nghị NCKH của sinh viên; Điều 11. Tham gi","c) Kết quả xếp loại được ghi trong biên bản họp hội đồng đánh giá đề tài NCKH của sinh viên (Mẫu 5a hoặc 5b – Phụ lục I)"
chunk_290,260,academic_rules,"[Quy tắc ứng xử và NCKH] Điều 13. Tổ chức hoạt động thông tin KH&CN và khởi nghiệp, đổi mới sáng tạo của; Chương III; Điều 14. Nội dung quản lý hoạt đ","1. Các đơn vị tạo điều kiện cho sinh viên triển khai ứng dụng kết quả nghiên cứu vào thực tiễn từ kết quả của các đề tài"
chunk_291,261,academic_rules,"[Quy tắc ứng xử và NCKH] Điều 17. Trách nhiệm, quyền hạn của các đơn vị thuộc, trực thuộc; Điều 18. Trách nhiệm của bộ phận được phân công phụ trách h","3. Quy định mức chi cho hoạt động NCKH của sinh viên trên cơ sở các quy định tài chính hiện hành. 4. Quy định quy đổi số"
chunk_292,262,academic_rules,"[Quy tắc ứng xử và NCKH] Điều 21. Trách nhiệm và quyền của người hướng dẫn; Chương V; Điều 22. Khen thưởng","đ) Chịu trách nhiệm về nội dung của đề tài. 2. Quyền của sinh viên a) Được tham gia thực hiện đề tài NCKH của sinh viên "
chunk_293,263,academic_rules,"[Quy tắc ứng xử và NCKH] Chương VI; Điều 24. Hiệu lực thi hành; Điều 25. Trách nhiệm thi hành","Tùy theo tính chất và mức độ vi phạm các quy định về hoạt động NCKH của sinh viên, Thủ trưởng các đơn vị thuộc đề xuất G"
chunk_294,264,academic_rules,"[Quy tắc ứng xử và NCKH] PHỤ LỤC I","PHỤ LỤC I CÁC BIỂU MẪU QUẢN LÝ ĐỀ TÀI NGHIÊN CỨU KHOA HỌC SINH VIÊN (Kèm theo Quyết định số ……./QĐ-ĐHĐN ngày …… tháng nă"
chunk_295,265,academic_rules,"[Quy tắc ứng xử và NCKH] Mẫu 1a. Đề xuất đề tài nghiên cứu khoa học sinh viên (tiếng Việt)","Mẫu 1a. Đề xuất đề tài nghiên cứu khoa học sinh viên (tiếng Việt) ĐẠI HỌC ĐÀ NẴNG ĐƠN VỊ.................  CỘNG HOÀ XÃ "
chunk_296,266,academic_rules,"[Quy tắc ứng xử và NCKH] Mẫu 1b. Đề xuất đề tài nghiên cứu khoa học sinh viên (tiếng Anh)","Mẫu 1b. Đề xuất đề tài nghiên cứu khoa học sinh viên (tiếng Anh) THE UNIVERSITY OF DANANG DEPARTMENT..................  "
chunk_297,267,academic_rules,"[Quy tắc ứng xử và NCKH] Mẫu 2a. Đề cương nghiên cứu khoa học sinh viên (tiếng Việt)","Mẫu 2a. Đề cương nghiên cứu khoa học sinh viên (tiếng Việt) ĐẠI HỌC ĐÀ NẴNG ĐƠN VỊ……………………… ĐỀ CƯƠNG NGHIÊN CỨU KHOA HỌC"
chunk_298,268,academic_rules,"[Quy tắc ứng xử và NCKH] .............................................................................................................................","........................................................................................................................"
chunk_299,269,academic_rules,"[Quy tắc ứng xử và NCKH] Mẫu 2b. Đề cương nghiên cứu khoa học sinh viên (tiếng Anh)","Mẫu 2b. Đề cương nghiên cứu khoa học sinh viên (tiếng Anh) THE UNIVERSITY OF DANANG DEPARTMENT……………………… SCIENTIFIC RESEA"
chunk_300,270,academic_rules,"[Quy tắc ứng xử và NCKH] .............................................................................................................................","........................................................................................................................"
chunk_301,271,academic_rules,"[Quy tắc ứng xử và NCKH] Mẫu 3a. Phiếu nhận xét phản biện báo cáo tổng kết đề tài nghiên cứu","Mẫu 3a. Phiếu nhận xét phản biện báo cáo tổng kết đề tài nghiên cứu khoa học sinh viên (tiếng Việt) ĐẠI HỌC ĐÀ NẴNG ĐƠN"
chunk_302,272,academic_rules,"[Quy tắc ứng xử và NCKH] .............................................................................................................................","........................................................................................................................"
chunk_303,273,academic_rules,"[Quy tắc ứng xử và NCKH] Mẫu 3b. Phiếu nhận xét phản biện báo cáo tổng kết đề tài nghiên cứu khoa học sinh viên","Mẫu 3b. Phiếu nhận xét phản biện báo cáo tổng kết đề tài nghiên cứu khoa học sinh viên (tiếng Anh) THE UNIVERSITY OF DAN"
chunk_304,274,academic_rules,"[Quy tắc ứng xử và NCKH] .............................................................................................................................","........................................................................................................................"
chunk_305,275,academic_rules,"[Quy tắc ứng xử và NCKH] Mẫu 4a. Phiếu đánh giá nghiệm thu đề tài nghiên cứu khoa học của sinh viên (tiếng Việt)","Mẫu 4a. Phiếu đánh giá nghiệm thu đề tài nghiên cứu khoa học của sinh viên (tiếng Việt) ĐẠI HỌC ĐÀ NẴNG ĐƠN VỊ........."
chunk_306,276,academic_rules,"[Quy tắc ứng xử và NCKH] Mẫu 4b. Phiếu đánh giá nghiệm thu đề tài nghiên cứu khoa học của sinh viên (tiếng Anh)","Mẫu 4b. Phiếu đánh giá nghiệm thu đề tài nghiên cứu khoa học của sinh viên (tiếng Anh) UNIVERSITY OF DANANG DEPARTMENT.."
chunk_307,277,academic_rules,"[Quy tắc ứng xử và NCKH] Mẫu 5a. Biên bản họp hội đồng đánh giá đề tài nghiên cứu khoa học của sinh viên (tiếng","Mẫu 5a. Biên bản họp hội đồng đánh giá đề tài nghiên cứu khoa học của sinh viên (tiếng Việt) ĐẠI HỌC ĐÀ NẴNG ĐƠN VỊ...."
chunk_308,278,academic_rules,"[Quy tắc ứng xử và NCKH] Mẫu 5b. Biên bản họp hội đồng đánh giá đề tài nghiên cứu khoa học của sinh viên (tiếng","Mẫu 5b. Biên bản họp hội đồng đánh giá đề tài nghiên cứu khoa học của sinh viên (tiếng Anh) THE UNIVERSITY OF DANANG DEP"
chunk_309,279,academic_rules,"[Quy tắc ứng xử và NCKH] PHỤ LỤC II; Phụ lục II).","PHỤ LỤC II BÁO CÁO TỔNG KẾT ĐỀ TÀI NGHIÊN CỨU KHOA HỌC SINH VIÊN (Kèm theo Quyết định số ……./QĐ-ĐHĐN ngày …… tháng năm "
chunk_310,280,academic_rules,"[Quy tắc ứng xử và NCKH] pháp quy; sách, báo, tạp chí; bài viết của các tác giả...; trong mỗi loại được xếp theo thứ tự","pháp quy; sách, báo, tạp chí; bài viết của các tác giả...; trong mỗi loại được xếp theo thứ tự bảng chữ cái. 3.11. Phụ l"
chunk_311,281,academic_rules,"[Quy tắc ứng xử và NCKH] Mẫu 3a. Thông tin kết quả nghiên cứu của đề tài (Tiếng Việt)","Mẫu 3a. Thông tin kết quả nghiên cứu của đề tài (Tiếng Việt) ĐẠI HỌC ĐÀ NẴNG ĐƠN VỊ: ........ THÔNG TIN KẾT QUẢ NGHIÊN "
chunk_312,282,academic_rules,"[Quy tắc ứng xử và NCKH] Mẫu 3b. Thông tin kết quả nghiên cứu đề tài (Tiếng Anh)","Mẫu 3b. Thông tin kết quả nghiên cứu đề tài (Tiếng Anh) THE UNIVERSITY OF DANANG DEPARTMENT.................. . INFORMAT"
chunk_313,283,academic_rules,"[Quy tắc ứng xử và NCKH] Mẫu 4a. Thông tin về sinh viên chịu trách nhiệm chính thực hiện đề tài (Tiếng Việt)","Mẫu 4a. Thông tin về sinh viên chịu trách nhiệm chính thực hiện đề tài (Tiếng Việt) ĐẠI HỌC ĐÀ NẴNG ĐƠN VỊ............."
chunk_314,284,academic_rules,"[Quy tắc ứng xử và NCKH] Mẫu4b. Thông tin về sinh viên chịu trách nhiệm chính thực hiện đề tài (Tiếng Anh)","Mẫu4b. Thông tin về sinh viên chịu trách nhiệm chính thực hiện đề tài (Tiếng Anh) THE UNIVERSITY OF DANANG DEPARTMENT..."
chunk_315,285,academic_rules,"[Thông tin liên hệ] Phần 4","Phần 4  HOẠT ĐỘNG ĐOÀN – HỘI  284"
chunk_316,286,academic_rules,"[Thông tin liên hệ] Đoàn TNCS Hồ Chí Minh Trường Đại học Ngoại Ngữ - Đại học Đà Nẵng là tổ","Đoàn TNCS Hồ Chí Minh Trường Đại học Ngoại Ngữ - Đại học Đà Nẵng là tổ chức chính trị - xã hội của đoàn viên, sinh viên,"
chunk_317,287,academic_rules,"[Thông tin liên hệ] Đoàn trường cũng phát động các phong trào thi đua học tập, nghiên cứu khoa học","Đoàn trường cũng phát động các phong trào thi đua học tập, nghiên cứu khoa học thường niên trong sinh viên; duy trì các "
chunk_318,288,academic_rules,"[Thông tin liên hệ] - Các chương trình văn hóa, văn nghệ như: Hội trại truyền thống, Tài năng sinh viên, Nữ","- Các chương trình văn hóa, văn nghệ như: Hội trại truyền thống, Tài năng sinh viên, Nữ sinh viên thanh lịch, Giải bóng "
chunk_319,289,academic_rules,"[Thông tin liên hệ] - Ngày hội Hiến máu nhân đạo.","- Ngày hội Hiến máu nhân đạo.  288"
chunk_320,290,teaching_plan,"[Kế hoạch giảng dạy CTĐT] Phần 5","Phần 5  HỆ THỐNG THÔNG TIN - GÓP Ý"
chunk_321,291,teaching_plan,"[Kế hoạch giảng dạy CTĐT] 5.1. Hệ thống thông tin","5.1. Hệ thống thông tin 5.1.1. Website: www.ufl.udn.vn Đây là địa chỉ website chính thức của Trường Đại học Ngoại ngữ, k"
chunk_322,292,teaching_plan,"[Kế hoạch giảng dạy CTĐT] Đơn vị","STT 9 10 11 12 13 14 15 16  Đơn vị Văn phòng Đoàn Thanh niên Văn phòng Công đoàn Trung tâm Công nghệ thông tin và học li"
chunk_323,293,teaching_plan,"[Kế hoạch giảng dạy CTĐT] KẾ HOẠCH GIẢNG DẠY","KẾ HOẠCH GIẢNG DẠY KHOA SƯ PHẠM NGOẠI NGỮ Trình độ Hình thức Ngành đào tạo 1 2 3 4 5 6 7 8 9 Mã học phần 2130010 3140030"
chunk_324,293,teaching_plan,"[Kế hoạch giảng dạy CTĐT] KẾ HOẠCH GIẢNG DẠY","4191460 4191470 4190652 4140822 0130030 III 26 27 28 29 2120020 3080050 4190582 4191480 IV STT Học kỳ I : Đại học : Chín"
chunk_325,293,teaching_plan,"[Kế hoạch giảng dạy CTĐT] KẾ HOẠCH GIẢNG DẠY","bắt buộc Kỹ năng tiếng B2.2 Ngữ pháp nâng cao Ngoại ngữ 2.2 Giáo dục thể chất 3 Tổng số tín chỉ học kỳ 3 Tư tưởng Hồ Chí"
chunk_326,294,teaching_plan,"[Kế hoạch giảng dạy CTĐT] Mã học","Mã học Học phần kỳ 30 4191490 31 4191500 32 4190672 33 0130040 Học phần tự chọn tự do STT 34 35 36 37 38 39 40 2090200 3"
chunk_327,294,teaching_plan,"[Kế hoạch giảng dạy CTĐT] Mã học","2/8 44 4190712 Dẫn nhập phong cách học tiếng Anh Học phần tự chọn tự do Ngoại ngữ 2.4 Tổng số tín chỉ học kỳ 5 45 209021"
chunk_328,294,teaching_plan,"[Kế hoạch giảng dạy CTĐT] Mã học","Vận dụng tài liệu trong giảng dạy 61 4190832 Đề án 2 Tổng số tín chỉ học kỳ 7 62 4190842 Học phần Thực tập sư phạm Số tí"
chunk_329,295,teaching_plan,"[Kế hoạch giảng dạy CTĐT] Mã học","STT  Mã học phần  Học kỳ  Tên học phần  Số tín chỉ  bắt buộc 63  4190862  64  4190872  65  4190983  66 67  4190893  68 6"
chunk_330,296,teaching_plan,"[Kế hoạch giảng dạy CTĐT] KẾ HOẠCH GIẢNG DẠY","KẾ HOẠCH GIẢNG DẠY KHOA SƯ PHẠM NGOẠI NGỮ Trình độ Hình thức Ngành đào tạo TT HỌC KỲ TÍNH CHẤT : Đại học : Chính quy : S"
chunk_331,296,teaching_plan,"[Kế hoạch giảng dạy CTĐT] KẾ HOẠCH GIẢNG DẠY","7 4190023 Ngữ âm, Hán tự 4 8 4190033 Tiếng Trung tổng hợp 1 4 3 4 I 5 Học phần bắt buộc Tổng số tín chỉ 17 9 3140010 Dẫn"
chunk_332,296,teaching_plan,"[Kế hoạch giảng dạy CTĐT] KẾ HOẠCH GIẢNG DẠY","Nói 1 2 14 bắt buộc 4190063 Tiếng Trung tổng hợp 2 4 0130020 Giáo dục thể chất 2 1 Ngoại ngữ 2.1 (SV chọn ngoại ngữ) 3 0"
chunk_333,296,teaching_plan,"[Kế hoạch giảng dạy CTĐT] KẾ HOẠCH GIẢNG DẠY","20 Tổng số tín chỉ 25 22 2120070 Kinh tế chính trị Mác-Lênin 2 23 3080140 Tâm lý lứa tuổi và tâm lý sư phạm 2 24 4190073"
chunk_334,296,teaching_plan,"[Kế hoạch giảng dạy CTĐT] KẾ HOẠCH GIẢNG DẠY","Quản trị học 2 4153713 Đại cương lịch sử Việt Nam 2 25 26 27 III Học phần bắt buộc 28 29 30 31 Tự chọn tự do"
chunk_335,297,teaching_plan,"[Kế hoạch giảng dạy CTĐT] MÃ HỌC","TT HỌC KỲ TÍNH CHẤT MÃ HỌC PHẦN TÊN HỌC PHẦN Tổng số tín chỉ TÍN CHỈ 18 32 2090200 Lịch sử Đảng CSVN 2 34 4190113 Đọc 2 "
chunk_336,297,teaching_plan,"[Kế hoạch giảng dạy CTĐT] MÃ HỌC","4190163 Văn hóa Trung Quốc 2 40 4190013 Phương pháp luận NCKH 2 41 0130040 Giáo dục thể chất 4 1 4152743 Marketing căn b"
chunk_337,297,teaching_plan,"[Kế hoạch giảng dạy CTĐT] MÃ HỌC","20 45 2120020 Tư tưởng Hồ Chí Minh 2 46 3080010 Giáo dục học đại cương 2 47 4190173 Đọc 3 2 4190183 Nghe 4 2 4190193 Ngữ"
chunk_338,297,teaching_plan,"[Kế hoạch giảng dạy CTĐT] MÃ HỌC","2 4190233 Khẩu ngữ thương mại 2 4152663 Lý thuyết dịch 2 4153572 Tiếng Trung B2 2 Ngoại ngữ 2.4 (SV chọn ngoại ngữ) 3 48"
chunk_339,297,teaching_plan,"[Kế hoạch giảng dạy CTĐT] MÃ HỌC","59 4190243 Đọc 4 2 4190253 Tiếng Trung tổng hợp 6 4 4190273 Ngữ pháp tiếng Trung 2 2 4190283 Từ vựng tiếng Trung Quốc 2 "
chunk_340,298,teaching_plan,"[Kế hoạch giảng dạy CTĐT] MÃ HỌC","TT HỌC KỲ TÍNH CHẤT 64 65 66 67 68 MÃ HỌC PHẦN TÊN HỌC PHẦN TÍN CHỈ 4190333 Viết 1 2 Tự chọn bắt buộc (3 tín chỉ) 419030"
chunk_341,298,teaching_plan,"[Kế hoạch giảng dạy CTĐT] MÃ HỌC","19 69 2090211 Chủ nghĩa xã hội khoa học 2 70 4198120 Công nghệ trong dạy học ngoại ngữ 2 4198130 Đề án 2 4190353 Văn học"
chunk_342,298,teaching_plan,"[Kế hoạch giảng dạy CTĐT] MÃ HỌC","Tự chọn tự do 4152713 Biên dịch 2 3 4152703 Phiên dịch 2 3 71 Học phần bắt buộc 72 73 74 VII 75 76 77 78 Tổng số tín chỉ"
chunk_343,298,teaching_plan,"[Kế hoạch giảng dạy CTĐT] MÃ HỌC","3 4190443 + Quan hệ Việt Nam Trung Quốc 3 81.2 4190453 + Nghiệp vụ công tác đối ngoại 3 82 4190463 Luận văn 6 4190413 80"
chunk_344,299,teaching_plan,"[Kế hoạch giảng dạy CTĐT] KẾ HOẠCH GIẢNG DẠY","KẾ HOẠCH GIẢNG DẠY KHOA SƯ PHẠM NGOẠI NGỮ Trình độ Hình thức Ngành đào tạo HỌC KỲ : Đại học : Chính quy : Sư phạm tiếng "
chunk_345,299,teaching_plan,"[Kế hoạch giảng dạy CTĐT] KẾ HOẠCH GIẢNG DẠY","6 3040010 Tin học cơ sở 2 7 0130010 Giáo dục thể chất 1 1 I TÊN HỌC PHẦN Bắt buộc Tổng số tín chỉ Học kỳ I 19 8 2090180 "
chunk_346,299,teaching_plan,"[Kế hoạch giảng dạy CTĐT] KẾ HOẠCH GIẢNG DẠY","4198100 Luyện âm 2 13 0130020 Giáo dục thể chất 2 1 14 0130060 Giáo dục quốc phòng (4 tuần) 8 II Bắt buộc Tổng số tín ch"
chunk_347,299,teaching_plan,"[Kế hoạch giảng dạy CTĐT] KẾ HOẠCH GIẢNG DẠY","4 19 4191043 Tiếng Pháp 3C 4 20 0130030 Giáo dục thể chất 3 1 Ngoại ngữ II.1 (SV chọn ngoại ngữ) 3 III Bắt buộc 21 Tổng "
chunk_348,300,teaching_plan,"[Kế hoạch giảng dạy CTĐT] MÃ HỌC","HỌC KỲ SỐ TÍN CHỈ TT MÃ HỌC PHẦN 26 4191083 Phương pháp nghiên cứu khoa học 2 27 4121712 Ngoại ngữ II.2 (SV chọn ngoại n"
chunk_349,300,teaching_plan,"[Kế hoạch giảng dạy CTĐT] MÃ HỌC","20 31 2120020 Tư tưởng Hồ Chí Minh 2 32 3140020 Cơ sở văn hoá Việt Nam 2 33 3080060 Giáo dục học đại cương 2 34 4191103 "
chunk_350,300,teaching_plan,"[Kế hoạch giảng dạy CTĐT] MÃ HỌC","4198270 Biên dịch 1 2 39 4198280 Tự chọn bắt buộc (2 TC) Phiên dịch 1 2 TC tự do Ngoại ngữ II.3 (SV chọn ngoại ngữ) 3 Bắ"
chunk_351,300,teaching_plan,"[Kế hoạch giảng dạy CTĐT] MÃ HỌC","4191153 Nghe – Nói nâng cao 2 2 45 4191163 Đọc – Viết nâng cao 2 2 46 4191243 Ngôn ngữ học tiếng Pháp 2 2 47 4191183 Giá"
chunk_352,300,teaching_plan,"[Kế hoạch giảng dạy CTĐT] MÃ HỌC","Tự chọn tự do 51 Tổng số tín chỉ Học kỳ VI 52 2090200 53 4191193 54 4191233 55 4191133 VII Bắt buộc (9 tín chỉ) 17 Lịch "
chunk_353,301,teaching_plan,"[Kế hoạch giảng dạy CTĐT] MÃ HỌC","TT  MÃ HỌC PHẦN  56  4191203  57  4191213  58  4191253  59  4131663  60  4191293  61  4191303  62  4191313  63  4191323 "
chunk_354,302,teaching_plan,"[Kế hoạch giảng dạy CTĐT] KẾ HOẠCH GIẢNG DẠY","KẾ HOẠCH GIẢNG DẠY KHOA SƯ PHẠM NGOẠI NGỮ Trình độ: Hình thức: Ngành đào tạo: Chuyên ngành: Học kỳ Mã học phần 2 3 4 Tên"
chunk_355,302,teaching_plan,"[Kế hoạch giảng dạy CTĐT] KẾ HOẠCH GIẢNG DẠY","1 Đại học Chính quy Ngôn ngữ Anh Tiếng Anh Công nghệ và Giáo dục Số tín chỉ 2 2 3 Số giờ tín chỉ Lý Thực Tự thuyết hành "
chunk_356,302,teaching_plan,"[Kế hoạch giảng dạy CTĐT] KẾ HOẠCH GIẢNG DẠY","30 Không Không Không 45 30 0 30 90 90 Không KNT B1.1 3 30 30 90 KNT B1.2 15 30 60 Không 2 3 (1) (8) 14 2 3 30 0 77 30 30"
chunk_357,302,teaching_plan,"[Kế hoạch giảng dạy CTĐT] KẾ HOẠCH GIẢNG DẠY","30 30 0 30 60 90 2090180 KNT B1.3 3 30 30 90 KNT B1.4 4 2 3 (1) 17 2 2 45 15 30 0 30 30 30 30 120 60 90 30 Không Không K"
chunk_358,303,teaching_plan,"[Kế hoạch giảng dạy CTĐT] Mã học","Học kỳ Mã học phần Số tín chỉ Tên học phần Kỹ năng tiếng B2.3 Kỹ năng tiếng B2.4 (Tiếng 4198660 Anh CNTT 4) 4198670 Thực"
chunk_359,303,teaching_plan,"[Kế hoạch giảng dạy CTĐT] Mã học","4198780 4198790 Thực hành biên phiên dịch 2 Nhập môn Công nghệ Giáo dục Văn học Anh Học phần tự chọn (2/6) Dẫn nhập Ngữ "
chunk_360,303,teaching_plan,"[Kế hoạch giảng dạy CTĐT] Mã học","(1) 0 30 30 Không 15 30 60 Không 15 30 60 Không 15 30 60 Không 2 20 20 30 Không 2 2 2 15 15 20 30 30 20 30 30 30 Không K"
chunk_361,303,teaching_plan,"[Kế hoạch giảng dạy CTĐT] Mã học","Không Không Không 2 20 20 30 Không 2 30 0 60 2090180 2 2 15 15 30 30 60 60 3 30 30 90 KNT B2.3 KNT B2.4 4198630 4198670 "
chunk_362,303,teaching_plan,"[Kế hoạch giảng dạy CTĐT] Mã học","30 30 90 Không 15 30 60 Không 15 30 60 Không 15 30 60 Không 2 2 2 16 2 2 2"
chunk_363,304,teaching_plan,"[Kế hoạch giảng dạy CTĐT] Mã học","Học kỳ 6 Mã học phần Tên học phần Học phần tự chọn tự do Đánh giá trong giáo dục A4 (Trung học) Quản lý nhà nước về giáo"
chunk_364,304,teaching_plan,"[Kế hoạch giảng dạy CTĐT] Mã học","BB9 ngữ (Tiểu học) Ứng dụng CNTT trong giáo BB11 dục và dạy học (Tiểu học) Tổng số tín chỉ trong học kỳ 6 Số tín chỉ Số "
chunk_365,304,teaching_plan,"[Kế hoạch giảng dạy CTĐT] Mã học","2 15 30 30 Không 2 15 30 30 Không 3 17 20 50 90 Không 2 30 0 60 2090180 2 2 2 15 15 15 30 30 30 60 60 60 KNT C1.1 KNT C1"
chunk_366,304,teaching_plan,"[Kế hoạch giảng dạy CTĐT] Mã học","3 30 30 90 Nhập môn CN GD 3 30 30 90 Nhập môn CN GD; 3 30 30 90 Không 3 0 90 90 Không 2 10 40 60 Không 2 15 30 30 Không "
chunk_367,304,teaching_plan,"[Kế hoạch giảng dạy CTĐT] Mã học","Không 2 15 30 30 Không 3 15 60 90 Không 2 10 40 60 Không 17"
chunk_368,305,teaching_plan,"[Kế hoạch giảng dạy CTĐT] Tên học phần","Học kỳ 7 8 Tên học phần 4198860 Thiết kế Hoạt động Dạy học 2 (Thiết kế và Triển khai) 3 15 60 90 4198870 Đề án Công nghệ"
chunk_369,305,teaching_plan,"[Kế hoạch giảng dạy CTĐT] Tên học phần","15 30 60 15 30 60 2 10 40 60 Không 2 10 40 60 Không 2 10 40 60 Không 2 10 40 60 Không 3 30 30 90 Không 2 15 30 60 Không "
chunk_370,305,teaching_plan,"[Kế hoạch giảng dạy CTĐT] Tên học phần","Không 2 15 30 60 Không Học phần Tự chọn (2/4) Kỹ năng điều phối trong môi 4198900 trường học số Giáo dục ngôn ngữ hòa nh"
chunk_371,305,teaching_plan,"[Kế hoạch giảng dạy CTĐT] Tên học phần","14 HP học trước Thiết kế hoạt động dạy học 1 Thiết kế hoạt động dạy học 1 Các đường hướng dạy học tiếng Anh trong kỷ ngu"
chunk_372,306,teaching_plan,"[Kế hoạch giảng dạy CTĐT] Mã học","Học kỳ Mã học phần Tên học phần Thụ đắc ngôn ngữ thứ hai (HPCM 1) Tâm lý học giáo dục ngoại 4198930 ngữ (HPCM 1) Nhập mô"
chunk_373,306,teaching_plan,"[Kế hoạch giảng dạy CTĐT] Mã học","học HP học trước Các đường hướng dạy học tiếng Anh trong kỷ nguyên số Thiết kế hoạt động dạy học 2 Đề án Công nghệ giáo "
chunk_374,306,teaching_plan,"[Kế hoạch giảng dạy CTĐT] Mã học","60 240 60 120 240 60 3 0 90 90 Không 3 0 90 90 Không 2 15 30 60 Không 2 15 30 60 Không 2 10 40 60 Không 2 15 30 60 Không"
chunk_375,307,teaching_plan,"[Kế hoạch giảng dạy CTĐT] KẾ HOẠCH GIẢNG DẠY","KẾ HOẠCH GIẢNG DẠY KHOA TIẾNG ANH Trình độ: Hình thức: Ngành đào tạo: Chuyên ngành: STT MÃ HỌC PHẦN 1 2 3 4 5 6 7 8 3140"
chunk_376,307,teaching_plan,"[Kế hoạch giảng dạy CTĐT] KẾ HOẠCH GIẢNG DẠY","4111891 4115630 HỌC KỲ Đại học Chính quy Ngôn ngữ Anh Tiếng Anh TÊN HỌC PHẦN 4131032 4141102 4150662 4210922 4170462 Cơ "
chunk_377,307,teaching_plan,"[Kế hoạch giảng dạy CTĐT] KẾ HOẠCH GIẢNG DẠY","Ngoại ngữ II.1 (Thái Lan) 24 0130030 25 26 2120070 4111901 I II III IV Giáo dục thể chất 3 Tổng số tín chỉ Kinh tế chính"
chunk_378,308,teaching_plan,"[Kế hoạch giảng dạy CTĐT] MÃ HỌC","STT MÃ HỌC PHẦN 27 28 29 4111911 4112792 4140822 HỌC KỲ 4131132 4141192 4150672 4170472 4221542 4210932 30 0130040 31 32"
chunk_379,308,teaching_plan,"[Kế hoạch giảng dạy CTĐT] MÃ HỌC","2120020 4111971 4111981 4110783 4113103 4112902 4112912 4112922 4113623 51 52 53 54 55 2090211 4113143 4113153 4112952 4"
chunk_380,308,teaching_plan,"[Kế hoạch giảng dạy CTĐT] MÃ HỌC","Lịch sử Đảng cộng sản VN Lý thuyết dịch Biên dịch 1 Học phần Kỹ năng tiếng Anh C1.1 bắt buộc Kỹ năng tiếng Anh C1.2 Văn "
chunk_381,309,teaching_plan,"[Kế hoạch giảng dạy CTĐT] MÃ HỌC","STT  MÃ HỌC PHẦN  58 59  4115650 4115660  60  4115670  61 62 63 64 65 66 67 68 69  4115680 4115690 4115710 4115720 41157"
chunk_382,310,teaching_plan,"[Kế hoạch giảng dạy CTĐT] KẾ HOẠCH GIẢNG DẠY","KẾ HOẠCH GIẢNG DẠY KHOA TIẾNG ANH Trình độ: Hình thức: Ngành đào tạo: Chuyên ngành: STT MÃ HỌC PHẦN 1 2 3 4 5 6 3140020 "
chunk_383,310,teaching_plan,"[Kế hoạch giảng dạy CTĐT] KẾ HOẠCH GIẢNG DẠY","Cơ sở văn hóa Việt Nam Tin học cơ sở Kỹ năng mềm Kỹ năng tiếng Anh B1.1 Kỹ năng tiếng Anh B1.2 Luyện âm tiếng Anh Dẫn nh"
chunk_384,310,teaching_plan,"[Kế hoạch giảng dạy CTĐT] KẾ HOẠCH GIẢNG DẠY","4221532 23 Triết học Mác-Lênin Dẫn luận ngôn ngữ Kỹ năng tiếng Anh B2.1 Kỹ năng tiếng Anh B2.2 Phương pháp nghiên cứu kh"
chunk_385,311,teaching_plan,"[Kế hoạch giảng dạy CTĐT] Văn bản hành chính","28 29 30 Văn bản hành chính Thực tập 1 Ngoại ngữ 2.2 4115270 4115350 4131132 4141192 4150672 4170472 4221542 4210932 31 "
chunk_386,311,teaching_plan,"[Kế hoạch giảng dạy CTĐT] Văn bản hành chính","41 42 43 44 45 46 47 48 49 50 2090050 4115420 4115410 4115440 4115450 4115250 4115400 4115560 4115770 4115520 51 52 53 5"
chunk_387,311,teaching_plan,"[Kế hoạch giảng dạy CTĐT] Văn bản hành chính","Kỹ năng tiếng Anh C1.2 Phiên dịch 1 Tiếng Anh truyền thông 1 Marketing căn bản Lịch sử báo chí thế giới và Việt Nam Học "
chunk_388,311,teaching_plan,"[Kế hoạch giảng dạy CTĐT] Văn bản hành chính","2 2 2 2 17 2 3 3 3 2 2 2 2 2 2 19 2 3 2 2 2 2 2 2 2 15 2 8"
chunk_389,312,teaching_plan,"[Kế hoạch giảng dạy CTĐT] Tổng số tín chỉ","Tổng số tín chỉ TỔNG SỐ TÍN CHỈ TOÀN KHOÁ  10 146"
chunk_390,313,teaching_plan,"[Kế hoạch giảng dạy CTĐT] KẾ HOẠCH GIẢNG DẠY","KẾ HOẠCH GIẢNG DẠY KHOA TIẾNG ANH CHUYÊN NGÀNH Trình độ: Hình thức: Ngành đào tạo: Chuyên ngành: Học kỳ 1 2 3 Mã học phầ"
chunk_391,313,teaching_plan,"[Kế hoạch giảng dạy CTĐT] KẾ HOẠCH GIẢNG DẠY","Giáo dục thể chất 1 Tổng tín chỉ trong học kỳ Pháp luật đại cương Tiếng Việt Kỹ năng tiếng B1.3 -TMĐT Kỹ năng tiếng B1.4"
chunk_392,313,teaching_plan,"[Kế hoạch giảng dạy CTĐT] KẾ HOẠCH GIẢNG DẠY","2 2 0 3 3 0 3 3 0 2 2 0 2 2 0 1 0 1 8 23 3 2 3 3 3 2 3 0 14 3 2 3 3 3 2 3 8 9 0 0 0 0 0 0 0"
chunk_393,314,teaching_plan,"[Kế hoạch giảng dạy CTĐT] Học kỳ","Học kỳ Mã học phần 4131032 4141102 4150662 4210922 4170462 4221532 0130030 130030 130130 130140 130150 130310 130330 130"
chunk_394,314,teaching_plan,"[Kế hoạch giảng dạy CTĐT] Học kỳ","Giáo dục thể chất 3 (Cầu lông 1) Giáo dục thể chất 3 (Vovinam 1) Giáo dục thể chất 3 (Aerobics 1) Tổng tín chỉ trong học"
chunk_395,315,teaching_plan,"[Kế hoạch giảng dạy CTĐT] Học kỳ","Học kỳ 6 7 Mã học phần 4121832 4121322 4122282 4122243 4122223 4122392 2090200 4121842 4121852 4122232 4122332 4123540 4"
chunk_396,315,teaching_plan,"[Kế hoạch giảng dạy CTĐT] Học kỳ","Chủ nghĩa xã hội khoa học Tổng tín chỉ trong học kỳ Thực tập tốt nghiệp Học phần Tự chọn (HPCM hoặc LVTN) Học phần chuyê"
chunk_397,315,teaching_plan,"[Kế hoạch giảng dạy CTĐT] Học kỳ","21 21 0 3 3 0 2 2 0 2 2 0 2 2 0 2 2 0 3 3 0 2 2 0 16 16 0 2 0 2 8 8 0 4 4 0 4 4 0 8 0 8 10 8 2 143"
chunk_398,316,teaching_plan,"[Kế hoạch giảng dạy CTĐT] KẾ HOẠCH GIẢNG DẠY","KẾ HOẠCH GIẢNG DẠY KHOA TIẾNG ANH CHUYÊN NGÀNH Trình độ: Hình thức: Ngành đào tạo: Chuyên ngành: Học kỳ 1 Mã học phần 30"
chunk_399,316,teaching_plan,"[Kế hoạch giảng dạy CTĐT] KẾ HOẠCH GIẢNG DẠY","Hình thái học Kinh tế học Giáo dục thể chất 1 Tổng tín chỉ trong học kỳ Pháp luật đại cương Tiếng Việt Kỹ năng tiếng B1."
chunk_400,316,teaching_plan,"[Kế hoạch giảng dạy CTĐT] KẾ HOẠCH GIẢNG DẠY","2 0 2 2 0 3 3 0 3 3 0 2 2 0 2 2 0 1 0 1 8 23 3 2 3 3 3 2 3 0 14 3 2 3 3 3 2 3 8 9 0 0 0 0 0 0 0"
chunk_401,317,teaching_plan,"[Kế hoạch giảng dạy CTĐT] Mã học","Học kỳ Mã học phần 4141102 4150662 4210922 4170462 4221532 0130030 0130130 0130140 0130150 0130310 0130330 0130350 01303"
chunk_402,317,teaching_plan,"[Kế hoạch giảng dạy CTĐT] Mã học","Giáo dục thể chất 3 (Aerobics 1) Tổng tín chỉ trong học kỳ Kinh tế chính trị Mác-Lênin Kỹ năng tiếng B2.3 -TM Kỹ năng ti"
chunk_403,318,teaching_plan,"[Kế hoạch giảng dạy CTĐT] Mã học","Học kỳ 6 7 Mã học phần 4121832 4123620 4122282 4122243 4122223 4122392 2090200 4121842 4121852 4121353 4122332 4123540 4"
chunk_404,318,teaching_plan,"[Kế hoạch giảng dạy CTĐT] Mã học","Thanh toán quốc tế Chủ nghĩa xã hội khoa học Tổng tín chỉ trong học kỳ Thực tập tốt nghiệp Học phần Tự chọn (HPCM hoặc L"
chunk_405,318,teaching_plan,"[Kế hoạch giảng dạy CTĐT] Mã học","21 0 3 3 0 2 2 0 2 2 0 2 2 0 2 2 0 3 3 0 2 2 0 16 16 0 2 0 2 8 8 0 4 4 0 4 4 0 8 0 8 10 8 2 143"
chunk_406,319,teaching_plan,"[Kế hoạch giảng dạy CTĐT] KẾ HOẠCH GIẢNG DẠY","KẾ HOẠCH GIẢNG DẠY KHOA TIẾNG ANH CHUYÊN NGÀNH Trình độ: Hình thức: Ngành đào tạo: Chuyên ngành: Học kỳ 1 2 3 Đại học Ch"
chunk_407,319,teaching_plan,"[Kế hoạch giảng dạy CTĐT] KẾ HOẠCH GIẢNG DẠY","Kỹ năng tiếng B2.2 Tổng quan du lịch Phương pháp luận nghiên cứu khoa học Ngoại ngữ 2.1 Ngoại ngữ II.1 (Pháp) 2130010 31"
chunk_408,319,teaching_plan,"[Kế hoạch giảng dạy CTĐT] KẾ HOẠCH GIẢNG DẠY","2 2 0 2 2 0 3 3 0 3 3 0 2 2 0 2 2 0 1 0 1 8 23 3 2 3 3 2 2 3 0 14 3 2 3 3 2 2 3 8 9 0 0 0 0 0 0 0"
chunk_409,320,teaching_plan,"[Kế hoạch giảng dạy CTĐT] Mã học phần","Học kỳ Mã học phần 4141102 4150662 4210922 4170462 4221532 0130030 0130130 0130140 0130150 0130310 0130330 0130350 01303"
chunk_410,320,teaching_plan,"[Kế hoạch giảng dạy CTĐT] Mã học phần","Giáo dục thể chất 3 (Aerobics 1) Tổng tín chỉ trong học kỳ Kinh tế chính trị Mác-Lênin Kỹ năng tiếng B2.3 - DL Kỹ năng t"
chunk_411,321,teaching_plan,"[Kế hoạch giảng dạy CTĐT] Mã học phần","Học kỳ 6 7 Mã học phần Tên học phần 4121832 4121322 4122282 4122483 4122473 4122392 Kỹ năng tiếng C1.2 Biên dịch 1 Phiên"
chunk_412,321,teaching_plan,"[Kế hoạch giảng dạy CTĐT] Mã học phần","0 3 3 0 2 2 0 1 1 0 19 19 0 2 2 0 3 3 0 3 3 0 2 2 0 3 3 0 2 2 0 2 2 0 2 2 0 19 19 0 3 3 0 2 2 0 3 3 0 3 3 0 2 2 0 2 2 0 "
chunk_413,321,teaching_plan,"[Kế hoạch giảng dạy CTĐT] Mã học phần","0 17 17 0 2 0 2 8 8 0 4 4 0 4 4 0 8 0 8 10 8 2 TỔNG SỐ TÍN CHỈ TOÀN KHÓA 143 2090200 4123053 4121852 4122322 4122332 41"
chunk_414,322,teaching_plan,"[Kế hoạch giảng dạy CTĐT] KẾ HOẠCH GIẢNG DẠY","KẾ HOẠCH GIẢNG DẠY KHOA TIẾNG NGA Trình độ Hình thức Ngành đào tạo Chuyên ngành 1 2 3 4 5 6 7 MÃ HỌC PHẦN 3140030 414162"
chunk_415,322,teaching_plan,"[Kế hoạch giảng dạy CTĐT] KẾ HOẠCH GIẢNG DẠY","25 26 27 28 29 2090040 3140010 4141693 4141703 4141723 4140142 0130040 TT HỌC KỲ I II III IV 4141643 30 31 32 33 2090200"
chunk_416,322,teaching_plan,"[Kế hoạch giảng dạy CTĐT] KẾ HOẠCH GIẢNG DẠY","Học phần Ngữ pháp thực hành 1 bắt buộc Ngoại ngữ II.1 (SV chọn ngoại ngữ) Giáo dục thể chất 2 Tổng số tín chỉ Kinh tế ch"
chunk_417,323,teaching_plan,"[Kế hoạch giảng dạy CTĐT] Nghe 5","34 35 36 37 38 4141953 4141963 4141973 4141983 39 40 41 42 43 44 45 46 2090211 4141993 4142003 4142013 4142023 4140503 4"
chunk_418,323,teaching_plan,"[Kế hoạch giảng dạy CTĐT] Nghe 5","61 62 4141903 4141913 4140892 Nghe 5 Nói 5 Đọc 5 Viết 5 Học phần tự chọn tự Ngoại ngữ II.4 (SV chọn ngoại ngữ do Tổng số"
chunk_419,323,teaching_plan,"[Kế hoạch giảng dạy CTĐT] Nghe 5","3 18 2 2 3 3 2 2 2 2 18 2 3 2 2 3 2 2 2 2 2 2 2 18 2 4 4 8 10 143"
chunk_420,324,teaching_plan,"[Kế hoạch giảng dạy CTĐT] KẾ HOẠCH GIẢNG DẠY","KẾ HOẠCH GIẢNG DẠY KHOA TIẾNG NGA Trình độ Hình thức Ngành đào tạo Chuyên ngành TT MÃ HỌC PHẦN 1 2 3 4 5 6 7 3140030 414"
chunk_421,324,teaching_plan,"[Kế hoạch giảng dạy CTĐT] KẾ HOẠCH GIẢNG DẠY","2 4 4 3 3 I II 4121702 4131032 4150662 4210922 4170462 4221532 14 0130480 0130490 0130500 0130510 0130520 0130530 013054"
chunk_422,324,teaching_plan,"[Kế hoạch giảng dạy CTĐT] KẾ HOẠCH GIẢNG DẠY","Ngoại ngữ II.1 (Hàn Quốc) Ngoại ngữ II.1 (Nhật) Ngoại ngữ II.1 (Thái Lan) Giáo dục thể chất 2 Giáo dục thể chất 2 (Bóng "
chunk_423,325,teaching_plan,"[Kế hoạch giảng dạy CTĐT] Ngữ pháp thực hành 2","19 20 21 4141942 4141683 4141202 4131132 4150672 4210932 4170472 4221542 22 0130370 0130310 0130130 0130030 0130140 0130"
chunk_424,325,teaching_plan,"[Kế hoạch giảng dạy CTĐT] Ngữ pháp thực hành 2","Giáo dục thể chất 3 (Bóng bàn 1) Giáo dục thể chất 3 (Bóng chuyền 1) Giáo dục thể chất 3 (Bóng đá 1) Giáo dục thể chất 3"
chunk_425,326,teaching_plan,"[Kế hoạch giảng dạy CTĐT] Ngoại ngữ II.3 (Thái Lan)","4223330 32 33 34 35 36 37 38 39 2090200 4142310 4141923 4141743 4141753 4141763 4141773 4123630 4132280 4173670 4213690 "
chunk_426,326,teaching_plan,"[Kế hoạch giảng dạy CTĐT] Ngoại ngữ II.3 (Thái Lan)","4142103 4142113 4141713 4141793 58 4140863 59 60 61 4141903 4141913 4140892 4142143 Ngoại ngữ II.3 (Thái Lan) Tổng số tí"
chunk_427,326,teaching_plan,"[Kế hoạch giảng dạy CTĐT] Ngoại ngữ II.3 (Thái Lan)","Thư tín văn phòng Tổng số tín chỉ Văn học Nga Câu đơn và câu phức Học phần Tiếng Nga du lịch 3 VII bắt buộc Các điểm du "
chunk_428,327,teaching_plan,"[Kế hoạch giảng dạy CTĐT] KẾ HOẠCH GIẢNG DẠY","KẾ HOẠCH GIẢNG DẠY KHOA TIẾNG PHÁP Trình độ : Đại học Hình thức : Chính quy Ngành đào tạo : Ngôn ngữ Pháp Chuyên ngành :"
chunk_429,327,teaching_plan,"[Kế hoạch giảng dạy CTĐT] KẾ HOẠCH GIẢNG DẠY","Giáo dục quốc phòng (4 tuần) Tổng số tín chỉ HK I 2090180 Triết học Mác- Lê nin 4131372 Tiếng Pháp 2A 4131382 Tiếng Pháp"
chunk_430,328,teaching_plan,"[Kế hoạch giảng dạy CTĐT] HỌC MÃ HỌC","TT HỌC MÃ HỌC TÍNH KỲ PHẦN CHẤT HP TÊN HỌC PHẦN Tiếng Pháp 4B 4130212 Văn hoá Pháp 4130102 Phương pháp nghiên cứu khoa h"
chunk_431,328,teaching_plan,"[Kế hoạch giảng dạy CTĐT] HỌC MÃ HỌC","40 41 42 43 44 45 46 47 48 49 50 51 V Ngoại ngữ II.4 (SV chọn ngoại ngữ) Khối học phần chuyên ngành HP bắt Biên dịch 1 4"
chunk_432,328,teaching_plan,"[Kế hoạch giảng dạy CTĐT] HỌC MÃ HỌC","4 4 (4 TC) 4131663 4131543 4130963 4131543 Tiếng Pháp DL 4131533 (9 TC) 4132300 4132310 Tiếng Pháp báo chí truyền thông "
chunk_433,329,teaching_plan,"[Kế hoạch giảng dạy CTĐT] HỌC MÃ HỌC","TT HỌC MÃ HỌC TÍNH KỲ PHẦN CHẤT HP TÊN HỌC PHẦN SỐ TÍN CHỈ (2 TC) 52 53 54 55 56 57 58 59 60 61 62 63 64 65 66 67 68 69 "
chunk_434,329,teaching_plan,"[Kế hoạch giảng dạy CTĐT] HỌC MÃ HỌC","chọn BB 4132310 Phiên dịch 1 (9 TC) (4 TC) 4132250 Lịch sử báo chí thế giới Nghiệp vụ hướng dẫn du 4131543 TC tự do lịch"
chunk_435,329,teaching_plan,"[Kế hoạch giảng dạy CTĐT] HỌC MÃ HỌC","2 17 3 2 4 4 2 2 2 17 2 2 2 2 2 2 3 3 3 2 2 16 2 2 3 3 3 17"
chunk_436,330,teaching_plan,"[Kế hoạch giảng dạy CTĐT] HỌC MÃ HỌC","TT 77 78 79 80 81 82 83 84 85 86 87 88 89 90 91 92 93 HỌC MÃ HỌC TÍNH KỲ PHẦN CHẤT HP TÊN HỌC PHẦN Tiếng Pháp báo chí tr"
chunk_437,330,teaching_plan,"[Kế hoạch giảng dạy CTĐT] HỌC MÃ HỌC","4131653 Phiên dịch 3 (6 TC) Tổng số tín chỉ HK VII (Tiếng Pháp) VII Tuyến điểm du lịch Việt 4131573 HP bắt Nam buộc Tiến"
chunk_438,330,teaching_plan,"[Kế hoạch giảng dạy CTĐT] HỌC MÃ HỌC","(6 TC) 4131783 HPCM 2 (Tổng hợp tin) 4131692 Luận văn tốt nghiệp SỐ TÍN CHỈ 3 2 2 2 3 3 17 2 2 2 2 2 3 3 14 2 2 2 2 14 2"
chunk_439,331,teaching_plan,"[Kế hoạch giảng dạy CTĐT] HỌC MÃ HỌC","TT  HỌC MÃ HỌC TÍNH KỲ PHẦN CHẤT HP  TÊN HỌC PHẦN Tổng số tín chỉ HK VIII  TỔNG SỐ TÍN CHỈ TOÀN KHOÁ  330  SỐ TÍN CHỈ 8"
chunk_440,332,teaching_plan,"[Kế hoạch giảng dạy CTĐT] KẾ HOẠCH GIẢNG DẠY","KẾ HOẠCH GIẢNG DẠY KHOA TIẾNG TRUNG Trình độ : Đại học Hình thức : Chính quy Ngành đào tạo : Ngôn ngữ Trung Quốc (chuyên"
chunk_441,332,teaching_plan,"[Kế hoạch giảng dạy CTĐT] KẾ HOẠCH GIẢNG DẠY","4131032 Ngoại ngữ II.1 (Pháp) 4141102 Ngoại ngữ II.1 (Nga) 4210922 Ngoại ngữ II.1 (Hàn Quốc) 4170462 Ngoại ngữ II.1 (Nhậ"
chunk_442,332,teaching_plan,"[Kế hoạch giảng dạy CTĐT] KẾ HOẠCH GIẢNG DẠY","2 2 3 3 1 0 2 2 4 2 2 2 2 4 2 2 3 2 4 (6) 1 HP học trước (7) 1 4 1 4153990 4153890 4153880"
chunk_443,333,teaching_plan,"[Kế hoạch giảng dạy CTĐT] Hướng nghiệp","Học kỳ (1) Mã học phần (2) 4154550 4154570 IV (3) Hướng nghiệp Định vị thương hiệu cá nhân Tổng số tín chỉ trong học kỳ "
chunk_444,333,teaching_plan,"[Kế hoạch giảng dạy CTĐT] Hướng nghiệp","0130390 Giáo dục thể chất 4 (Bóng bàn 2) 0130410 Giáo dục thể chất 4 (Cầu lông 2) 0130440 Giáo dục thể chất 4 (Vovinam 2"
chunk_445,333,teaching_plan,"[Kế hoạch giảng dạy CTĐT] Hướng nghiệp","0 2 3 2 2 2 3 2 2 (6) HP học trước (7) 1 4154010 4153950 4153940 1 4154090 4154090 4154110 4154050"
chunk_446,334,teaching_plan,"[Kế hoạch giảng dạy CTĐT] Số tín chỉ","Học kỳ (1) V Mã học phần (2) Số tín chỉ Tên học phần (3) Học phần tự chọn (chọn 4TC) 4154590 Soạn thảo VB và nghiệp vụ t"
chunk_447,334,teaching_plan,"[Kế hoạch giảng dạy CTĐT] Số tín chỉ","4154690 Tâm lý quản trị kinh doanh 4152492 Văn học Trung Quốc 4154970 Hán văn Việt Nam Tổng số tín chỉ trong học kỳ Chuy"
chunk_448,334,teaching_plan,"[Kế hoạch giảng dạy CTĐT] Số tín chỉ","2 2 2 2 2 2 2 2 3 2 2 2 2 2 2 2 2 3 2 2 2 2 23 2 2 2 2 2 2 2 2 (6) HP học trước (7) 4154130 4154130 4154130 4154150 4150"
chunk_449,335,teaching_plan,"[Kế hoạch giảng dạy CTĐT] Số tín chỉ","Học kỳ (1) Số tín chỉ Mã học phần (2) 4153562 4150312 4154310 4154370 4154950 4154330 4155080 Tên học phần (3) Ngữ pháp "
chunk_450,335,teaching_plan,"[Kế hoạch giảng dạy CTĐT] Số tín chỉ","3 2 2 2 2 23 2 2 2 2 2 2 4154390 Viết trung cấp 2 2 4154410 4154350 4154290 Thực tế Biên dịch trung cấp Phiên dịch trung"
chunk_451,335,teaching_plan,"[Kế hoạch giảng dạy CTĐT] Số tín chỉ","2 2 2 2 1 2 2 2 1 2 2 2 2 2 2 2 2 2 Học phần tự chọn (chọn 6TC) 4154730 Quan hệ công chúng 4154710 Truyền thông doanh ng"
chunk_452,335,teaching_plan,"[Kế hoạch giảng dạy CTĐT] Số tín chỉ","334 4154410 4154810 4152103 4154830 (6) HP học trước (7) 4150482 4154250 4154150 4153562 4154330 4154270 4154310 4154370"
chunk_453,336,teaching_plan,"[Kế hoạch giảng dạy CTĐT] Số tín chỉ","Học kỳ (1) VII Số tín chỉ Mã học phần (2) 4154710 4154770 4154790 4155070 Tên học phần (3) Truyền thông doanh nghiệp Kin"
chunk_454,336,teaching_plan,"[Kế hoạch giảng dạy CTĐT] Số tín chỉ","2 4154410 4154770 4154790 4155070 Thực tế Kinh doanh quốc tế Logistics quốc tế Quản trị marketing 1 2 2 2 1 2 2 2 2 2 2 "
chunk_455,336,teaching_plan,"[Kế hoạch giảng dạy CTĐT] Số tín chỉ","2 2 2 2 2 12 18 2 2 2 2 2 2 2 2 2 2 Học phần tự chọn (chọn 6TC) 4155050 Biên dịch Thương mại 4154750 Biên dịch Du lịch 4"
chunk_456,337,teaching_plan,"[Kế hoạch giảng dạy CTĐT] Số tín chỉ","Học kỳ (1) Mã học phần (2) 4154530 4152053 4154890 4154850 Số tín chỉ Tên học phần (3) Tư duy sáng tạo và khởi nghiệp Ng"
chunk_457,337,teaching_plan,"[Kế hoạch giảng dạy CTĐT] Số tín chỉ","2 4154870 Quản trị mua hàng* 2 2 4154910 Thương mại điện tử* 2 2 4154930 Kĩ năng đàm phán* 2 2 Tổng số tín chỉ trong học"
chunk_458,337,teaching_plan,"[Kế hoạch giảng dạy CTĐT] Số tín chỉ","2 2 Tổng số tín chỉ trong học kỳ (đối với SV làm KLTN) 12 Tổng số tín chỉ trong học kỳ (đối với SV không làm KLTN) 18 41"
chunk_459,338,teaching_plan,"[Kế hoạch giảng dạy CTĐT] KẾ HOẠCH GIẢNG DẠY","KẾ HOẠCH GIẢNG DẠY KHOA NGÔN NGỮ VÀ VĂN HOÁ NHẬT BẢN Trình độ Hình thức Ngành đào tạo Chuyên ngành Học kỳ 1 Mã học phần "
chunk_460,338,teaching_plan,"[Kế hoạch giảng dạy CTĐT] KẾ HOẠCH GIẢNG DẠY","2 2 2 3 3 3 (8) (1) (1) (1) (1) (1) (1) (1) (1) (1) (1) HP học trước/ TH/ tiên quyết/ LT TN song hành 2 0 2 0 2 0 3 0 3 "
chunk_461,338,teaching_plan,"[Kế hoạch giảng dạy CTĐT] KẾ HOẠCH GIẢNG DẠY","(0) (1) (0) (1) (0) (1) (0) (1) 3 3 Số tín chỉ Tên học phần Pháp luật đại cương Tiếng Việt Nghe 1 Nói 1 Đọc 1 Viết 1 Giá"
chunk_462,339,teaching_plan,"[Kế hoạch giảng dạy CTĐT] Mã học","Học kỳ 3 4 Mã học phần HP học trước/ TH/ tiên quyết/ LT TN song hành 3 0 3 0 3 0 20 10 2 0 2 0 2 0 2 0 3 0 3 0 2 0 (0) ("
chunk_463,339,teaching_plan,"[Kế hoạch giảng dạy CTĐT] Mã học","19 1 2 0 2 0 2 0 2 0 2 0 2 0 2 0 1 1 1 1 1 1 Số tín chỉ Tên học phần 4150662 Ngoại ngữ II.1 (Trung) 4210922 Ngoại ngữ II"
chunk_464,339,teaching_plan,"[Kế hoạch giảng dạy CTĐT] Mã học","4170133 Viết 4 Tự chọn bắt buộc (8/14 tín chỉ) 4173730 Tiếng Nhật Báo chí - Truyền thông 4170233 Nghe tin tức 338 TC 3 3"
chunk_465,340,teaching_plan,"[Kế hoạch giảng dạy CTĐT] Mã học","Học kỳ Mã học phần 0130040 0130260 0130270 0130280 0130390 0130410 0130440 0130450 4121702 4131032 4141102 4150662 41709"
chunk_466,340,teaching_plan,"[Kế hoạch giảng dạy CTĐT] Mã học","(3) (0) (3) (0) (3) (0) (3) (0) (3) (0) 16 1 2 0 2 0 2 0 2 0 2 0 2 0 2 1 HP song hành 2 1 0 1 0 1 (3) (0) (3) (0) (3) (0"
chunk_467,340,teaching_plan,"[Kế hoạch giảng dạy CTĐT] Mã học","Ngoại ngữ II.3 (Pháp) Ngoại ngữ II.3 (Nga) Ngoại ngữ II.3 (Trung) Ngoại ngữ II.3 (Hàn) Ngoại ngữ II.3 (Thái) Tổng tín ch"
chunk_468,341,teaching_plan,"[Kế hoạch giảng dạy CTĐT] Mã học","Học kỳ Mã học phần 4170373 4171873 4170363 4170223 4171593 Tên học phần Ngữ âm học tiếng Nhật Ngữ pháp học tiếng Nhật Từ"
chunk_469,341,teaching_plan,"[Kế hoạch giảng dạy CTĐT] Mã học","TN song hành 2 0 2 0 2 0 2 0 2 0 1 1 Số tín chỉ 4173210 4173220 4173230 4170403 4170413 4173760 4173250 Tự chọn bắt buộc"
chunk_470,341,teaching_plan,"[Kế hoạch giảng dạy CTĐT] Mã học","1 0 1 17 4 4 4 4 2 2 0 11 3 3 2 2 1 1 2 1 1 1 1 6 1 1 2 2 1 1 2 1 1 2 2 2 1 1 1 1 1 1 2 1 1 2 2 2 1 1 1 2 2 2 1 1 1 2 2 "
chunk_471,341,teaching_plan,"[Kế hoạch giảng dạy CTĐT] Mã học","2 2 1 1 1 2 2 2 1 1 1 2 2 2 1 1 1 2 0 2 18 0 11 1 1 1 1 1 1 1 2 2 7 HP song hành"
chunk_472,342,teaching_plan,"[Kế hoạch giảng dạy CTĐT] Mã học","Học kỳ  Mã học phần  HP học trước/ TH/ tiên quyết/ LT TN song hành 0 2 2 2 2 2 0 6 0 3 0 3 0 6 0 8 111 34  Số tín chỉ Tê"
chunk_473,343,teaching_plan,"[Kế hoạch giảng dạy CTĐT] KẾ HOẠCH GIẢNG DẠY","KẾ HOẠCH GIẢNG DẠY KHOA NGÔN NGỮ VÀ VĂN HOÁ NHẬT BẢN Trình độ Hình thức Ngành đào tạo Chuyên ngành Học Mã học kỳ phần 1 "
chunk_474,343,teaching_plan,"[Kế hoạch giảng dạy CTĐT] KẾ HOẠCH GIẢNG DẠY","2 2 3 3 3 (8) (1) (1) (1) (1) (1) (1) HP học trước/ TH/ tiên quyết/ LT TN song hành 2 0 2 0 2 0 3 0 3 0 3 0 (0) (1) 15 1"
chunk_475,343,teaching_plan,"[Kế hoạch giảng dạy CTĐT] KẾ HOẠCH GIẢNG DẠY","(1) (1) (1) (1) (0) (0) (0) (1) (1) (1) 3 3 0 Số tín chỉ Tên học phần Pháp luật đại cương Tiếng Việt Nghe 1 Nói 1 Đọc 1 "
chunk_476,344,teaching_plan,"[Kế hoạch giảng dạy CTĐT] Học Mã học","Học Mã học kỳ phần 3 4 HP học trước/ TH/ tiên quyết/ LT TN song hành 3 0 3 0 3 0 20 10 2 0 2 0 2 0 2 0 3 0 3 0 2 0 (0) ("
chunk_477,344,teaching_plan,"[Kế hoạch giảng dạy CTĐT] Học Mã học","2 0 2 0 2 0 2 0 2 0 2 0 2 0 2 0 (0) (1) (0) (1) (0) (1) Số tín chỉ Tên học phần 4150662 Ngoại ngữ II.1 (Trung) 4210922 N"
chunk_478,344,teaching_plan,"[Kế hoạch giảng dạy CTĐT] Học Mã học","0130040 Giáo dục thể chất 4 (Bóng đá 2) 0130260 Giáo dục thể chất 4 (Bóng chuyền 2) TC 3 3 3 30 2 2 2 2 3 3 2 (1) (1) (1"
chunk_479,345,teaching_plan,"[Kế hoạch giảng dạy CTĐT] Học Mã học","Học Mã học kỳ phần 5 6 HP học trước/ TH/ tiên quyết/ TC LT TN song hành (1) (0) (1) Số tín chỉ Tên học phần 0130270 Giáo"
chunk_480,345,teaching_plan,"[Kế hoạch giảng dạy CTĐT] Học Mã học","(1) (0) (1) (1) (1) (1) (1) (3) (3) (3) (3) (3) (3) (3) 17 2 2 2 2 2 2 2 2 2 1 1 (3) (3) (3) (3) (3) (3) (3) 19 3 3 4 2 "
chunk_481,345,teaching_plan,"[Kế hoạch giảng dạy CTĐT] Học Mã học","2 2 2 1 1 0 0 (3) (3) (3) (3) (3) (3) (3) 16 2 2 4 2 2 (1) (1) (1) (1) (0) (0) (0) (0) (0) (0) (0) 1 0 0 0 0 0 0 0 1 1 1"
chunk_482,346,teaching_plan,"[Kế hoạch giảng dạy CTĐT] Học Mã học","Học Mã học kỳ phần 7 HP học trước/ TH/ tiên quyết/ LT TN song hành 2 0 2 0 2 0 1 1 1 1 1 1 1 1 1 1 1 1 1 1 1 1 1 1 1 1 0"
chunk_483,346,teaching_plan,"[Kế hoạch giảng dạy CTĐT] Học Mã học","4170363 Từ vựng học tiếng Nhật 2 4170223 Đất nước học 2 4171593 Sơ lược Văn học Nhật Bản 2 Tự chọn bắt buộc (4/8 tín chỉ"
chunk_484,346,teaching_plan,"[Kế hoạch giảng dạy CTĐT] Học Mã học","2 4173500 Tiếng Nhật Giao dịch Thương mại 2 Tiếng Nhật Pháp luật Kinh doanh quốc 4173510 2 tế Tự chọn bắt buộc (4/10 tín"
chunk_485,347,teaching_plan,"[Kế hoạch giảng dạy CTĐT] Học Mã học","Học Mã học kỳ phần  HP học trước/ TH/ tiên quyết/ LT TN song hành 1 1 2 2 0 2 0 2 10 8 0 2 2 2 2 2 0 6 0 6 0 6 0 8 107 3"
chunk_486,348,teaching_plan,"[Kế hoạch giảng dạy CTĐT] KẾ HOẠCH GIẢNG DẠY","KẾ HOẠCH GIẢNG DẠY KHOA NGÔN NGỮ VÀ VĂN HOÁ NHẬT BẢN Trình độ Hình thức Ngành đào tạo Học kỳ 1 Số tín chỉ Mã học phần Tê"
chunk_487,348,teaching_plan,"[Kế hoạch giảng dạy CTĐT] KẾ HOẠCH GIẢNG DẠY","2 0 K.NN&VH NB 4174870 Nói 1 3 3 0 K.NN&VH NB 4174880 Đọc 1 3 3 0 K.NN&VH NB 4174890 Viết 1 3 3 0 0130010 Giáo dục thể c"
chunk_488,348,teaching_plan,"[Kế hoạch giảng dạy CTĐT] KẾ HOẠCH GIẢNG DẠY","(1) (0) (1) 3 3 0 Trường TV ĐHĐN 2 1 1 Trường TV ĐHĐN 2 2 0 4174900 Tin học cơ sở Cơ sở văn hóa Việt Nam Nghe 2 2 2 0 K."
chunk_489,348,teaching_plan,"[Kế hoạch giảng dạy CTĐT] KẾ HOẠCH GIẢNG DẠY","3 3 0 K.NN&VH NB 4174930 Viết 2 3 3 0 0130060 Giáo dục quốc phòng (8) (0) (8) K.NN&VH NB TT GDQP-AN, Trường Quân sự QK5 "
chunk_490,348,teaching_plan,"[Kế hoạch giảng dạy CTĐT] KẾ HOẠCH GIẢNG DẠY","(1) (0) (1) (1) (0) (1) Tổng tín chỉ tích lũy trong học kỳ Tổng tín chỉ không tích lũy trong học kỳ 2090180 Triết học Má"
chunk_491,349,teaching_plan,"[Kế hoạch giảng dạy CTĐT] Mã học","Học kỳ Mã học phần Số tín chỉ Tên học phần Giáo dục thể chất 2 (Cầu lông ) Giáo dục thể chất 2 0130530 (Thể dục ) Giáo d"
chunk_492,349,teaching_plan,"[Kế hoạch giảng dạy CTĐT] Mã học","(3) (2) (1) Khoa TACN 4131032 Ngoại ngữ II.1 (Pháp) (3) (2) (1) Khoa tiếng Pháp 4141102 (3) (2) (1) Khoa tiếng Nga (3) ("
chunk_493,349,teaching_plan,"[Kế hoạch giảng dạy CTĐT] Mã học","(2) (1) Bộ môn tiếng Thái Tổng tín chỉ tích lũy trong học kỳ Tổng tín chỉ không tích lũy trong học kỳ Kinh tế chính trị "
chunk_494,349,teaching_plan,"[Kế hoạch giảng dạy CTĐT] Mã học","2 2 0 K.NN&VH NB 2 2 0 K.NN&VH NB 2 2 0 K.NN&VH NB 4175020 Nói 3 3 3 0 K.NN&VH NB 4175030 Đọc 3 3 3 0 K.NN&VH NB 4175040"
chunk_495,349,teaching_plan,"[Kế hoạch giảng dạy CTĐT] Mã học","Tự chọn bắt buộc (1/8 tín chỉ) (1) (0) (1) Giáo dục thể chất 3 (1) (0) (1) (1) (0) (1) (1) (0) (1) (1) (0) (1) (1) (0) ("
chunk_496,349,teaching_plan,"[Kế hoạch giảng dạy CTĐT] Mã học","Giáo dục thể chất 3 (Bóng rổ 1) Giáo dục thể chất 3 (thể dục nhịp điệu) Giáo dục thể chất 3 (Bóng bàn 1) 348 Khoa GDTC, "
chunk_497,350,teaching_plan,"[Kế hoạch giảng dạy CTĐT] Mã học","Học kỳ Mã học phần Số tín chỉ Tên học phần Giáo dục thể chất 3 (Cầu lông 1) Giáo dục thể chất 3 0130350 (Vovinam 1) Giáo"
chunk_498,350,teaching_plan,"[Kế hoạch giảng dạy CTĐT] Mã học","(3) (2) (1) Khoa TACN 4131132 Ngoại ngữ II.2 (Pháp) (3) (2) (1) Khoa tiếng Pháp 4141192 (3) (2) (1) Khoa tiếng Nga (3) ("
chunk_499,350,teaching_plan,"[Kế hoạch giảng dạy CTĐT] Mã học","(2) (1) Bộ môn tiếng Thái Tổng tín chỉ tích lũy trong học kỳ Tổng tín chỉ không tích lũy trong học kỳ Tư tưởng Hồ Chí 21"
chunk_500,350,teaching_plan,"[Kế hoạch giảng dạy CTĐT] Mã học","0 K.NN&VH NB Tự chọn bắt buộc (6/9 tín chỉ ) 6 4 2 Các tổ chức quốc tế Quan hệ quốc tế khu 4174980 vực Đông Bắc Á Lịch s"
chunk_501,350,teaching_plan,"[Kế hoạch giảng dạy CTĐT] Mã học","1 2 1 1 Tự chọn bắt buộc (1/9 tín chỉ) (1) (0) (1) Giáo dục thể chất 4 (1) (0) (1) (1) (0) (1) (1) (0) (1) (1) (0) (1) 4"
chunk_502,351,teaching_plan,"[Kế hoạch giảng dạy CTĐT] Mã học","Học kỳ Mã học phần Số tín chỉ Tên học phần TC LT TH/ TN (Bóng rổ 2) Giáo dục thể chất 4 (thể dục nhịp điệu) Giáo dục thể"
chunk_503,351,teaching_plan,"[Kế hoạch giảng dạy CTĐT] Mã học","(1) (1) (0) (1) (1) (0) (1) (3) (2) (1) Khoa GDTC, ĐHĐN Khoa GDTC, ĐHĐN Khoa GDTC, ĐHĐN Khoa GDTC, ĐHĐN Khoa GDTC, ĐHĐN "
chunk_504,351,teaching_plan,"[Kế hoạch giảng dạy CTĐT] Mã học","(2) (1) Khoa tiếng Nga 4150662 Ngoại ngữ II.3(Trung) (3) (2) (1) Khoa tiếng Trung 4170922 Ngoại ngữ II.3 (Hàn) (3) (2) ("
chunk_505,351,teaching_plan,"[Kế hoạch giảng dạy CTĐT] Mã học","(4) (2) (2) 2 2 0 2 2 0 2 2 0 K.NN&VH NB 4175120 Nói 5 2 2 0 K.NN&VH NB 4175130 Đọc 5 2 2 0 K.NN&VH NB 4175140 Viết 5 2 "
chunk_506,351,teaching_plan,"[Kế hoạch giảng dạy CTĐT] Mã học","K.NN&VH NB 4175150 Văn học Nhật Bản 2 2 0 K.NN&VH NB 4175160 Lịch sử Nhật Bản 2 2 0 K.NN&VH NB Tự chọn bắt buộc (4/8 tín"
chunk_507,351,teaching_plan,"[Kế hoạch giảng dạy CTĐT] Mã học","1 0 1 1 0 1 (3) (2) (1) 4175240 350 Trường TV ĐHĐN Trường TV ĐHĐN K.NN&VH NB"
chunk_508,352,teaching_plan,"[Kế hoạch giảng dạy CTĐT] Tên học phần","Học kỳ Tên học phần 4123630 7 HP học trước/ tiên quyết/ song hành Khoa giảng dạy TC LT TH/ TN Ngoại ngữ II.4 (Anh) (3) ("
chunk_509,352,teaching_plan,"[Kế hoạch giảng dạy CTĐT] Tên học phần","Khoa tiếng Trung 4155010 Ngoại ngữ II.4 (Nga) Ngoại ngữ II.4 (Trung) Ngoại ngữ II.4 (Hàn) (3) (2) (1) Khoa NN&VH HQ 4142"
chunk_510,352,teaching_plan,"[Kế hoạch giảng dạy CTĐT] Tên học phần","0 2 2 0 K.NN&VH NB 2 2 0 K.NN&VH NB 2 2 0 K.NN&VH NB Tự chọn bắt buộc (6/15 tín chỉ) Biên dịch chuyên 4175170 ngành Nhật"
chunk_511,352,teaching_plan,"[Kế hoạch giảng dạy CTĐT] Tên học phần","1 K.NN&VH NB 3 2 1 3 2 1 Khoa Quốc tế học 3 2 1 Khoa Quốc tế học 3 2 1 Khoa Quốc tế học Tự chọn bắt buộc (4/8 tín chỉ) K"
chunk_512,352,teaching_plan,"[Kế hoạch giảng dạy CTĐT] Tên học phần","K.NN&VH NB 2 1 1 K.NN&VH NB 1 0 1 1 0 1 16 13 3 Tự chọn bắt buộc (6/15 tín chỉ) Seminar nghiên cứu 4175310 Kinh tế - Xã "
chunk_513,353,teaching_plan,"[Kế hoạch giảng dạy CTĐT] Mã học","Học kỳ Mã học phần Số tín chỉ Tên học phần HP học trước/ tiên quyết/ song hành Khoa giảng dạy TC LT TH/ TN 3 2 1 K.NN&VH"
chunk_514,353,teaching_plan,"[Kế hoạch giảng dạy CTĐT] Mã học","2 2 0 0 2 2 K.NN&VH NB Tự chọn bắt buộc (6/18 tín chỉ) 6 0 6 K.NN&VH NB Luận văn tốt nghiệp Dự án Khởi nghiệp 4175420 Sá"
chunk_515,353,teaching_plan,"[Kế hoạch giảng dạy CTĐT] Mã học","3 0 3 K.NN&VH NB 3 0 3 K.NN&VH NB 6 0 6 6 0 6 8 0 8 120 100 20 (24) (8) (16) Seminar nghiên cứu Văn học - Văn hoá Nhật B"
chunk_516,353,teaching_plan,"[Kế hoạch giảng dạy CTĐT] Mã học","tiếng Nhật Tự chọn bắt buộc (2/4 tín chỉ) 4175370 Thực tế 4175320 4175410 4175380 Thực tập tốt nghiệp Tự chọn bắt buộc ("
chunk_517,354,teaching_plan,"[Kế hoạch giảng dạy CTĐT] KẾ HOẠCH GIẢNG DẠY","KẾ HOẠCH GIẢNG DẠY KHOA NGÔN NGỮ VÀ VĂN HOÁ HÀN QUỐC Trình độ Hình thức Ngành đào tạo Chuyên ngành 1 2 3 4 5 6 7 Mã học "
chunk_518,354,teaching_plan,"[Kế hoạch giảng dạy CTĐT] KẾ HOẠCH GIẢNG DẠY","0130480 0130490 0130500 25 26 27 0130510 0130520 0130530 0130540 28 29 30 2120070 3140020 4210593 Học kỳ : Đại học : Chí"
chunk_519,354,teaching_plan,"[Kế hoạch giảng dạy CTĐT] KẾ HOẠCH GIẢNG DẠY","Giáo dục thể chất 2 (SV chọn 01 môn) bắt Giáo dục thể chất 2 (Bóng chuyền ) buộc Giáo dục thể chất 2 (Bóng đá 1) Giáo dụ"
chunk_520,355,teaching_plan,"[Kế hoạch giảng dạy CTĐT] Mã học","STT 31 32 33 34 35 36 37 38 39 40 41 42 43 44 45 46 47 48 Mã học phần 4210603 4214770 4214760 4121712 4131132 4141192 41"
chunk_521,355,teaching_plan,"[Kế hoạch giảng dạy CTĐT] Mã học","58 59 60 0130040 0130260 0130270 61 62 63 64 65 66 0130280 0130390 0130410 0130440 0130450 4210893 4214000 Học kỳ Tên họ"
chunk_522,355,teaching_plan,"[Kế hoạch giảng dạy CTĐT] Mã học","Giáo dục thể chất 4 (Bóng đá 2) Giáo dục thể chất 4 (Bóng chuyền 2) IV HP tự Giáo dục thể chất 4 (Bóng rổ 2) chọn Giáo d"
chunk_523,356,teaching_plan,"[Kế hoạch giảng dạy CTĐT] Mã học","STT Mã học phần Học kỳ Tên học phần Số tín chỉ chỉ) 67 68 69 70 71 72 73 4123590 4132260 4153840 4173310 4142270 4173330"
chunk_524,356,teaching_plan,"[Kế hoạch giảng dạy CTĐT] Mã học","90 91 4214040 4123630 4132280 4155010 4173639 4142290 4173710 92 93 94 95 96 97 98 99 100 4210633 4210763 4211743 421087"
chunk_525,356,teaching_plan,"[Kế hoạch giảng dạy CTĐT] Mã học","buộc (2/6 tín chỉ) 3 3 3 3 3 3 21 2 2 2 3 2 3 2 2 2 Tiếng Hàn khoa học kĩ thuật 2 Báo chí truyền thông tiếng Hàn 2 Kỹ nă"
chunk_526,356,teaching_plan,"[Kế hoạch giảng dạy CTĐT] Mã học","3 3 3 3 3 20 2 2 2 3 2 2 2 2 Seminar dịch thuật văn học hiện đại Hàn Quốc 2 Kỹ năng thuyết trình và phản biện 2"
chunk_527,357,teaching_plan,"[Kế hoạch giảng dạy CTĐT] Mã học","STT Mã học phần 102 4214080 103 104 105 106 107 108 109 4211733 4210803 4214780 4211753 4211763 4214060 110 4214100 111 "
chunk_528,357,teaching_plan,"[Kế hoạch giảng dạy CTĐT] Mã học","chọn Hàn VII bắt Biên dịch quan hệ quốc tế buộc (4/6 tín chỉ) HP tự chọn tự do (0/4 tín chỉ) 2 17 3 2 2 2 2 3 2 2 Phiên "
chunk_529,358,teaching_plan,"[Kế hoạch giảng dạy CTĐT] KẾ HOẠCH GIẢNG DẠY","KẾ HOẠCH GIẢNG DẠY KHOA NGÔN NGỮ VÀ VĂN HOÁ HÀN QUỐC Trình độ Hình thức Ngành đào tạo Chuyên ngành STT 1 2 3 4 5 6 7 8 9"
chunk_530,358,teaching_plan,"[Kế hoạch giảng dạy CTĐT] KẾ HOẠCH GIẢNG DẠY","3040010 0130020 4215630 4211623 4211633 4211643 4214750 0130060 4121702 4131032 4150662 4170462 4141102 4221532 3 212007"
chunk_531,358,teaching_plan,"[Kế hoạch giảng dạy CTĐT] KẾ HOẠCH GIẢNG DẠY","Ngoại ngữ 2.1 (Tiếng Thái) Tổng tín chỉ trong học kỳ Kinh tế chính trị Mác-Lênin Cơ sở văn hóa Việt Nam Quan hệ công chú"
chunk_532,359,teaching_plan,"[Kế hoạch giảng dạy CTĐT] Mã học","34 35 36 37 38 Mã học phần 4131132 4131132 4170472 4141192 4221542 39 40 41 42 43 44 45 46 47 2120020 3140010 130040 421"
chunk_533,359,teaching_plan,"[Kế hoạch giảng dạy CTĐT] Mã học","4215590 4123590 4132260 4153840 4173310 4142270 4223330 59 60 61 62 63 64 65 66 2090200 2090211 4215650 4210683 4211673 "
chunk_534,359,teaching_plan,"[Kế hoạch giảng dạy CTĐT] Mã học","Học phần tự chọn tự do Tiếng Hàn nâng cao 1 Ngoại ngữ 2.3 (Tiếng Anh) Ngoại ngữ 2.3 (Tiếng Pháp) Ngoại ngữ 2.3 (Tiếng Tr"
chunk_535,360,teaching_plan,"[Kế hoạch giảng dạy CTĐT] Mã học","69 70 Mã học phần 4210763 4215580 71 72 73 74 75 76 77 4215600 4123630 4132280 4155010 4173690 4142290 4223710 78 421567"
chunk_536,360,teaching_plan,"[Kế hoạch giảng dạy CTĐT] Mã học","87 4215620 Tên học phần Số tín chỉ Từ vựng học tiếng Hàn Ngữ pháp tiếng Hàn Học phần tự chọn tự do Tiếng Hàn nâng cao 2 "
chunk_537,360,teaching_plan,"[Kế hoạch giảng dạy CTĐT] Mã học","2 2 2 3 2 2 2 2 88 89 4214080 4215610 90 4211733 91 4215680 4215730 4215740 4210873 Tiếng Hàn truyền thông 3 Tổ chức sự "
chunk_538,361,teaching_plan,"[Kế hoạch giảng dạy CTĐT] Mã học","STT  Học kỳ  98 99 100 101 102  103 104 105  106  8  Mã học phần  Tên học phần  chuyên đề 4215830 Kỹ thuật viết nội dung"
chunk_539,362,teaching_plan,"[Kế hoạch giảng dạy CTĐT] KẾ HOẠCH GIẢNG DẠY","KẾ HOẠCH GIẢNG DẠY KHOA NGÔN NGỮ VÀ VĂN HOÁ HÀN QUỐC Trình độ : Đại học Hình thức : Chính quy Ngành đào tạo : Hàn Quốc h"
chunk_540,362,teaching_plan,"[Kế hoạch giảng dạy CTĐT] KẾ HOẠCH GIẢNG DẠY","Nhập môn Hàn Quốc học Dân tộc học đại cương Tiếng Hàn A1.1 (Từ vựng - Ngữ pháp) Tiếng Hàn A1.2 (Nghe - Đọc) Tiếng Hàn A1"
chunk_541,363,teaching_plan,"[Kế hoạch giảng dạy CTĐT] Mã học","Học kỳ  Mã học phần 4215000 4214940 4215130 4215100 4215110 4215120 0130040  Tên học phần Xã hội Hàn Quốc Lịch sử Hàn Qu"
chunk_542,364,teaching_plan,"[Kế hoạch giảng dạy CTĐT] Mã học","Học kỳ Mã học phần 4215180 4215190 4215260 4215250 4215300 4215290 4215370 4215390 4214920 4215160 4215420 4215490 42155"
chunk_543,364,teaching_plan,"[Kế hoạch giảng dạy CTĐT] Mã học","Tiếng Hàn thương mại Tiếng Hàn du lịch Chuyên ngành ngữ văn Học phần bắt buộc Dịch Văn học Hàn Quốc Tiếng Hàn chuyên ngà"
chunk_544,365,teaching_plan,"[Kế hoạch giảng dạy CTĐT] Mã học","Học kỳ  Mã học phần  Tên học phần  Số tín chỉ  Tổng tín chỉ trong học kỳ  8 149  364"
chunk_545,366,teaching_plan,"[Kế hoạch giảng dạy CTĐT] KẾ HOẠCH GIẢNG DẠY","KẾ HOẠCH GIẢNG DẠY KHOA QUỐC TẾ HỌC Trình độ Hình thức Ngành đào tạo : Đại học : Chính quy : Quốc tế học TT MÃ HỌC HỌC P"
chunk_546,366,teaching_plan,"[Kế hoạch giảng dạy CTĐT] KẾ HOẠCH GIẢNG DẠY","Xã hội học đại cương 2 7 0130010 Giáo dục thể chất 1 (Điền kinh) 1 8 0130060 Giáo dục quốc phòng (4 tuần) 8 Tổng số tín "
chunk_547,366,teaching_plan,"[Kế hoạch giảng dạy CTĐT] KẾ HOẠCH GIẢNG DẠY","12 4163072 Kỹ năng mềm 2 13 4168280 Anh văn B1.3 4 14 4168300 Anh văn B1.4 4 15 II 0130480 Học phần bắt buộc Giáo dục th"
chunk_548,366,teaching_plan,"[Kế hoạch giảng dạy CTĐT] KẾ HOẠCH GIẢNG DẠY","16 2120070 17 3140020 18 4163133 III Học phần bắt 1 Tổng số tín chỉ 18 Kinh tế chính trị Mác – Lênin 2 Cơ sở văn hoá Việ"
chunk_549,367,teaching_plan,"[Kế hoạch giảng dạy CTĐT] Tiếng Anh chuyên ngành","buộc Tiếng Anh chuyên ngành 4 4160103 Phương pháp luận NCKH 2 21 4160143 Thống kê xã hội học 2 22 4160133 Đại cương lịch"
chunk_550,367,teaching_plan,"[Kế hoạch giảng dạy CTĐT] Tiếng Anh chuyên ngành","Giáo dục thể chất 3 (Cầu lông 1) 130350 Giáo dục thể chất 3 (Vovinam 1) 130370 Giáo dục thể chất 3 (Aerobics 1) 1 Tổng s"
chunk_551,367,teaching_plan,"[Kế hoạch giảng dạy CTĐT] Tiếng Anh chuyên ngành","Kinh tế học quốc tế 2 30 4160413 Thể chế chính trị thế giới 2 IV 130040 Học phần bắt buộc Giáo dục thể chất 4 (Tự chọn 1"
chunk_552,367,teaching_plan,"[Kế hoạch giảng dạy CTĐT] Tiếng Anh chuyên ngành","34 4163203 Học phần bắt 1 Tổng số tín chỉ 16 Lịch sử Đảng CS Việt Nam 2 Chủ nghĩa xã hội khoa học 2 Lịch sử quan hệ quốc"
chunk_553,368,teaching_plan,"[Kế hoạch giảng dạy CTĐT] Phiên dịch chuyên ngành","35 4168100 36 4163232 37 4160033 38 4163322 39 4160643 40 4168110 buộc V Phiên dịch chuyên ngành 3 Báo chí truyền thông "
chunk_554,368,teaching_plan,"[Kế hoạch giảng dạy CTĐT] Phiên dịch chuyên ngành","SỐ Hướng chuyên ngành Hướng chuyên ngành TC Nghiên cứu phát triển Quan hệ quốc tế quốc tế MÃ HỌC PHẦN 41 4163243 Chính s"
chunk_555,368,teaching_plan,"[Kế hoạch giảng dạy CTĐT] Phiên dịch chuyên ngành","4163383 45 4163263 Ngoại giao văn hóa 2 Giao tiếp liên văn hóa 4163282 46 4163273 Nghiệp vụ công tác đối ngoại 2 Nghiệp "
chunk_556,368,teaching_plan,"[Kế hoạch giảng dạy CTĐT] Phiên dịch chuyên ngành","4160363 2 Các vấn đề toàn cầu 4160493 Học phần bắt buộc VI Đàm phán quốc tế Học phần tự Luật biển quốc tế chọn Giao tiếp"
chunk_557,368,teaching_plan,"[Kế hoạch giảng dạy CTĐT] Phiên dịch chuyên ngành","4160303 Học phần VII bắt buộc 53 4160303 54 4163312 Thực tế (tổ chức đi vào cuối học kỳ VI) 2 Thực tế (tổ chức đi vào cu"
chunk_558,369,teaching_plan,"[Kế hoạch giảng dạy CTĐT] tự chọn","57  58  phần tự chọn (2 tín chỉ)  4160343  4168130  Quan hệ quốc tế ở châu Á - Thái Bình Dương  Xây dựng và phát triển 2"
chunk_559,370,teaching_plan,"[Kế hoạch giảng dạy CTĐT] KẾ HOẠCH GIẢNG DẠY","KẾ HOẠCH GIẢNG DẠY KHOA QUỐC TẾ HỌC Trình độ Hình thức Ngành đào tạo TT 1 2 3 4 5 6 7 8 9 10 11 12 13 14 15 Mã học phần "
chunk_560,370,teaching_plan,"[Kế hoạch giảng dạy CTĐT] KẾ HOẠCH GIẢNG DẠY","4170922 4171532 16 0130480 0130490 0130500 0130510 0130520 0130530 0130540 17 18 19 20 21 22 23 2120070 3140020 4163133 "
chunk_561,370,teaching_plan,"[Kế hoạch giảng dạy CTĐT] KẾ HOẠCH GIẢNG DẠY","Giáo dục thể chất 2 (Bóng chuyền) Gíao dục thể chất 2 (Bóng đá 1) Giáo dục thể chất 2 (Bóng rổ ) Giáo dục thể chất 2 (TD"
chunk_562,371,teaching_plan,"[Kế hoạch giảng dạy CTĐT] (chọn học phần tương ứng với Ngoại ngữ 2.1)","(chọn học phần tương ứng với Ngoại ngữ 2.1) Tiếng Trung 2 Tiếng Nhật 2 Tiếng Hàn 2 Tiếng Thái Lan 2 Tiếng Lào 2 Giáo dục"
chunk_563,371,teaching_plan,"[Kế hoạch giảng dạy CTĐT] (chọn học phần tương ứng với Ngoại ngữ 2.1)","2090200 34 4168070 35 4162213 36 4163282 Học phần bắt buộc Học kỳ V Tổng số tín chỉ Tư tưởng Hồ Chí Minh Thống kê xã hội"
chunk_564,371,teaching_plan,"[Kế hoạch giảng dạy CTĐT] (chọn học phần tương ứng với Ngoại ngữ 2.1)","324 Số TC 2 2 2 2 1 16 2 2 2 4 2 2 2 1 17 Tên học phần Hướng chuyên ngành Nam Á và Đông Nam Á Lịch sử Đảng Cộng sản Việt"
chunk_565,372,teaching_plan,"[Kế hoạch giảng dạy CTĐT] Các tổ chức quốc tế","37 38 4160033 4163463 39 4163593 40 41 4162273 4168110 42 4163503 43 4163513 44 4162343 45 4168100 46 4162303 47 48 4163"
chunk_566,372,teaching_plan,"[Kế hoạch giảng dạy CTĐT] Các tổ chức quốc tế","4168120 4163273 55 56 57 4160483 4160403 4163312 58 4160573 59 4162353 60 4168130 61 4163332 Các tổ chức quốc tế 2 Các t"
chunk_567,372,teaching_plan,"[Kế hoạch giảng dạy CTĐT] Các tổ chức quốc tế","Tổng số tín chỉ Kinh tế khu vực Đông Bắc Á Thể chế chính trị các nước Đông Bắc Á Lịch sử và văn hóa Hàn Học Quốc phần Ph"
chunk_568,372,teaching_plan,"[Kế hoạch giảng dạy CTĐT] Các tổ chức quốc tế","2 2 2 2 2 2 Kinh tế khu vực Nam Á và Đông Nam Á Thể chế chính trị các nước Đông Nam Á Luật pháp cộng đồng ASEAN Phiên dị"
chunk_569,372,teaching_plan,"[Kế hoạch giảng dạy CTĐT] Các tổ chức quốc tế","17 3 2 2 2 2 2 2 2 2 4168120 4163273 4160483 4160403 4163312 4163322 4162243 4168130 15 2"
chunk_570,373,teaching_plan,"[Kế hoạch giảng dạy CTĐT] (8 tín","62  4163342  63  4163613  64  4163362  bắt buộc Học phần tự chọn (8 tín chỉ)  Học phần chuyên môn 1 (Tiếng Anh tổng hợp)"
chunk_571,374,teaching_plan,"[Kế hoạch giảng dạy CTĐT] KẾ HOẠCH GIẢNG DẠY","KẾ HOẠCH GIẢNG DẠY KHOA QUỐC TẾ HỌC Trình độ Hình thức Ngành đào tạo TT MÃ HP HK 1 2130010 I 2 4161713 3 : Đại học : Chí"
chunk_572,374,teaching_plan,"[Kế hoạch giảng dạy CTĐT] KẾ HOẠCH GIẢNG DẠY","Kỹ năng học đại học 2 6 4160093 Xã hội học đại cương 2 7 0130010 Giáo dục thể chất 1 (Điền kinh) 1 Giáo dục quốc phòng ("
chunk_573,374,teaching_plan,"[Kế hoạch giảng dạy CTĐT] KẾ HOẠCH GIẢNG DẠY","Văn bản hành chính 2 15 4168080 Tâm lý học xã hội 2 Giáo dục thể chất 2 (Tự chọn 1 trong số các học phần) 1 9 2090180 10"
chunk_574,375,teaching_plan,"[Kế hoạch giảng dạy CTĐT] bắt buộc","bắt buộc Cơ sở văn hoá Việt Nam 2 4163163 Luật quốc tế 3 20 4168330 Tiếng Anh chuyên ngành QHQT 2 4 21 4168340 Phương ph"
chunk_575,375,teaching_plan,"[Kế hoạch giảng dạy CTĐT] bắt buộc","0130130 Giáo dục thể chất 3 (Bóng chuyền 1) 0130140 Giáo dục thể chất 3 (Bóng rổ 1) 0130150 Giáo dục thể chất 3 (TD nhịp"
chunk_576,375,teaching_plan,"[Kế hoạch giảng dạy CTĐT] bắt buộc","2 Giáo dục thể chất 4 (tự chọn học phần tương ứng GDTC 3) 1 25 2090211 26 4160083 27 31 IV Học phần bắt buộc 18 0130040 "
chunk_577,376,teaching_plan,"[Kế hoạch giảng dạy CTĐT] Học phần","34 4168070 35 4160303 36 4163243 37 4168350 38 4168360 39 4160403 40 4168370 Học phần bắt buộc V Học phần tự chọn (2 tín"
chunk_578,376,teaching_plan,"[Kế hoạch giảng dạy CTĐT] Học phần","Truyền thông đối ngoại 2 Tổng số tín chỉ Chuyên đề Hoa Kỳ 4 Địa chính trị thế giới 3 4168400 Các vấn đề toàn cầu 3 44 41"
chunk_579,376,teaching_plan,"[Kế hoạch giảng dạy CTĐT] Học phần","41 4168380 42 4168390 43 VI Học phần bắt buộc 15 Học phần tự chọn (2 tín chỉ) Tổng số tín chỉ Chuyên đề Trung Quốc 4 Ngh"
chunk_580,376,teaching_plan,"[Kế hoạch giảng dạy CTĐT] Học phần","55 4168450 An ninh quốc tế 2 56 4168160 Khởi sự kinh doanh 2 49 4168440 50 4163273 51 VII Học phần bắt buộc 16 Học phần "
chunk_581,376,teaching_plan,"[Kế hoạch giảng dạy CTĐT] Học phần","Thực tập tốt nghiệp 2 Học phần tự chọn (8 tín chỉ) HPCM 1 (Tiếng Anh tổng hợp) 4 HPCM 2 (Chính trị quốc tế đương đại ở c"
chunk_582,377,teaching_plan,"[Kế hoạch giảng dạy CTĐT] KẾ HOẠCH GIẢNG DẠY","KẾ HOẠCH GIẢNG DẠY KHOA QUỐC TẾ HỌC Trình độ Hình thức Ngành đào tạo : Đại học : Chính quy : Tiếng Việt và Văn hóa Việt "
chunk_583,377,teaching_plan,"[Kế hoạch giảng dạy CTĐT] KẾ HOẠCH GIẢNG DẠY","4164020 Ngữ pháp 1 3 7 0130010 Giáo dục thể chất 1 (Điền kinh) 1 HỌC KỲ I TÊN HỌC PHẦN Học phần bắt buộc Tổng 18 8 41640"
chunk_584,377,teaching_plan,"[Kế hoạch giảng dạy CTĐT] KẾ HOẠCH GIẢNG DẠY","3 12 4164070 Ngữ pháp 2 3 13 4163960 Văn hóa giao tiếp Việt Nam 2 14 II 0130480 Học phần bắt buộc Giáo dục thể chất 2 (T"
chunk_585,377,teaching_plan,"[Kế hoạch giảng dạy CTĐT] KẾ HOẠCH GIẢNG DẠY","4164080 16 4164090 III Học phần 1 18 Nghe 3 3 Nói 3 3 330"
chunk_586,378,teaching_plan,"[Kế hoạch giảng dạy CTĐT] Viết 3","bắt buộc Đọc 3 3 Viết 3 3 3040010 Tin học 2 2130013 Pháp luật đại cương 2 17 4164100 18 4164110 19 20 Giáo dục thể chất "
chunk_587,378,teaching_plan,"[Kế hoạch giảng dạy CTĐT] Viết 3","Giáo dục thể chất 3 (Cầu lông 1) 0130350 Giáo dục thể chất 3 (Vovinam 1) 0130370 Giáo dục thể chất 3 (Aerobics 1) Tổng 1"
chunk_588,378,teaching_plan,"[Kế hoạch giảng dạy CTĐT] Viết 3","2 28 2090180 Triết học Mác-Lênin 3 IV Học phần bắt buộc Giáo dục thể chất 4 (Tự chọn 1 trong số các học phần phần tương "
chunk_589,379,teaching_plan,"[Kế hoạch giảng dạy CTĐT] Cơ sở văn hóa Việt Nam","phần bắt buộc Cơ sở văn hóa Việt Nam 2 Phương pháp luận nghiên cứu khoa học 2 4164150 Ngữ nghĩa học 2 34 4161503 Đại cươ"
chunk_590,379,teaching_plan,"[Kế hoạch giảng dạy CTĐT] Cơ sở văn hóa Việt Nam","3140080 32 4160103 33 Học phần tự chọn (2 tín chỉ) Tổng 16 39 4164240 Tôn giáo, tín ngưỡng và lễ hội Việt Nam 2 40 41614"
chunk_591,379,teaching_plan,"[Kế hoạch giảng dạy CTĐT] Cơ sở văn hóa Việt Nam","4161593 Phong cách học tiếng Việt 2 45 2120060 Tư tưởng Hồ Chí Minh 2 46 4161603 Ngôn ngữ báo chí tiếng Việt 2 47 416419"
chunk_592,379,teaching_plan,"[Kế hoạch giảng dạy CTĐT] Cơ sở văn hóa Việt Nam","51 4164220 52 4162173 53 2090220 54 2090200 55 4164850 56 4162363 57 4161553 Học phần bắt buộc VII Học phần tự chọn (2 t"
chunk_593,379,teaching_plan,"[Kế hoạch giảng dạy CTĐT] Cơ sở văn hóa Việt Nam","2 Lịch sử Đảng Cộng sản Việt Nam 2 Thực tế 2 Nghiệp vụ thư ký văn phòng 2 Ngữ dụng học tiếng Việt 2 Tổng 332 18"
chunk_594,380,teaching_plan,"[Kế hoạch giảng dạy CTĐT] (8 tín","58  4163332  59  4164900  60  4168210  61  4163362  Học phần bắt buộc VIII  Học phần tự chọn (8 tín chỉ)  Thực tập tốt n"
chunk_595,381,teaching_plan,"[Kế hoạch giảng dạy CTĐT] KẾ HOẠCH GIẢNG DẠY","KẾ HOẠCH GIẢNG DẠY TỔ TIẾNG THÁI LAN Trình độ Hình thức Ngành đào tạo STT 1 2 3 4 5 6 7 8 9 10 11 MÃ HỌC HỌC KỲ PHẦN 21"
chunk_596,381,teaching_plan,"[Kế hoạch giảng dạy CTĐT] KẾ HOẠCH GIẢNG DẠY","4222953 4222963 0130030 III : Đại học : Chính quy : Ngôn ngữ Thái Lan TÊN HỌC PHẦN Pháp luật Đại cương Tiếng Việt Học ph"
chunk_597,382,teaching_plan,"[Kế hoạch giảng dạy CTĐT] TÊN HỌC PHẦN","MÃ HỌC STT HỌC KỲ PHẦN 0130130 0130140 0130150 0130310 0130330 0130350 0130370 18 4121712 4131132 4141192 4150672 421093"
chunk_598,382,teaching_plan,"[Kế hoạch giảng dạy CTĐT] TÊN HỌC PHẦN","TÊN HỌC PHẦN Giáo dục thể chất 3 (Bóng chuyền 1) Giáo dục thể chất 3 (Bóng rổ 1) Giáo dục thể chất 3 (thể dục nhịp điệu)"
chunk_599,383,teaching_plan,"[Kế hoạch giảng dạy CTĐT] 29 2090211","MÃ HỌC STT HỌC KỲ PHẦN 29 2090211 30 4221193 31 4221843 32 4221213 33 4221853 34 4221973 35 4221943 36 4123630 4132280 4"
chunk_600,383,teaching_plan,"[Kế hoạch giảng dạy CTĐT] 29 2090211","53 4223003 54 55 56 4222813 4222823 4223033 VI VII VIII TÊN HỌC PHẦN bắt buộc Chủ nghĩa xã hội khoa học Nghe 5 Nói 5 Đọc"
chunk_601,383,teaching_plan,"[Kế hoạch giảng dạy CTĐT] 29 2090211","(2 tín chỉ) Tiếng Thái thương mại Tổng số tín chỉ SỐ TÍN CHỈ 2 2 3 2 3 3 3 3 20 2 2 2 2 3 3 3 2 2 19 2 3 2 3 3 2 2 15 Họ"
chunk_602,384,teaching_plan,"[Kế hoạch giảng dạy CTĐT] TÊN HỌC PHẦN","STT  MÃ HỌC PHẦN  HỌC KỲ  TÊN HỌC PHẦN (6 tín chỉ) Tổng số tín chỉ TỔNG SỐ TÍN CHỈ TOÀN KHÓA  SỐ TÍN CHỈ 8 139"
chunk_603,1,certificate_conversion,"Quyết định 1221/QĐ-ĐHNN: QUYẾT ĐỊNH 1221/QĐ-ĐHNN NGÀY 02/12/2021","QUYẾT ĐỊNH 1221/QĐ-ĐHNN NGÀY 02/12/2021 QUY ĐỊNH MIỄN HỌC, MIỄN THI VÀ QUY ĐỔI ĐIỂM ĐỐI VỚI SINH VIÊN CÓ CÁC CHỨNG CHỈ N"
chunk_604,1,certificate_conversion,"Quyết định 1221/QĐ-ĐHNN: Điều 1. Phạm vi điều chỉnh và đối tượng áp dụng","Điều 1. Phạm vi điều chỉnh và đối tượng áp dụng 1. Văn bản này quy định về việc miễn học, miễn thi và quy đổi điểm đối v"
chunk_605,1,certificate_conversion,"Quyết định 1221/QĐ-ĐHNN: Điều 2. Điều kiện để được miễn học, miễn thi và quy đổi điểm các học phần ngoại ngữ","Điều 2. Điều kiện để được miễn học, miễn thi và quy đổi điểm các học phần ngoại ngữ 1. Chứng chỉ hợp pháp do các cấp có "
chunk_606,1,certificate_conversion,"Quyết định 1221/QĐ-ĐHNN: Điều 3. Điểm quy đổi, học phần được quy đổi điểm","Điều 3. Điểm quy đổi, học phần được quy đổi điểm"
chunk_607,1,certificate_conversion,"Quyết định 1221/QĐ-ĐHNN: Khoản 1. Khoa Sư phạm Ngoại ngữ","Khoản 1. Khoa Sư phạm Ngoại ngữ * Ngành Sư phạm tiếng Anh: Quy đổi điểm đối với chứng chỉ tiếng Anh (IELTS, TOEFL iBT, C"
chunk_608,1,certificate_conversion,"Quyết định 1221/QĐ-ĐHNN: Khoản 2. Khoa tiếng Anh","Khoản 2. Khoa tiếng Anh Bảng quy đổi chứng chỉ tiếng Anh quốc tế (IELTS, TOEFL iBT, Cambridge Tests, TOEIC): - Trình độ "
chunk_609,1,certificate_conversion,"Quyết định 1221/QĐ-ĐHNN: Khoản 3. Khoa tiếng Anh chuyên ngành","Khoản 3. Khoa tiếng Anh chuyên ngành Bảng quy đổi chứng chỉ IELTS: - Trình độ B2:   + IELTS 5.5 → Kỹ năng tiếng B1.2; Đi"
chunk_610,1,certificate_conversion,"Quyết định 1221/QĐ-ĐHNN: Khoản 4. Khoa tiếng Pháp","Khoản 4. Khoa tiếng Pháp Bảng quy đổi bằng DELF, DALF và TCF Tout public (5 bài thi bắt buộc: Nghe, ngữ pháp, nói, đọc, "
chunk_611,1,certificate_conversion,"Quyết định 1221/QĐ-ĐHNN: Khoản 5. Khoa tiếng Trung Quốc","Khoản 5. Khoa tiếng Trung Quốc Phạm vi điều chỉnh và điều kiện quy đổi: - Phạm vi điều chỉnh: Trong trường hợp người học"
chunk_612,1,certificate_conversion,"Quyết định 1221/QĐ-ĐHNN: Khoản 6. Khoa Ngôn ngữ và Văn hóa Nhật Bản","Khoản 6. Khoa Ngôn ngữ và Văn hóa Nhật Bản Về chứng chỉ được quy đổi: Chỉ thực hiện quy đổi đối với các chứng chỉ năng l"
chunk_613,1,certificate_conversion,"Quyết định 1221/QĐ-ĐHNN: Khoản 7. Khoa Ngôn ngữ và Văn hóa Hàn Quốc","Khoản 7. Khoa Ngôn ngữ và Văn hóa Hàn Quốc Về chứng chỉ được quy đổi: Chỉ thực hiện quy đổi đối với các chứng chỉ năng l"
chunk_614,1,certificate_conversion,"Quyết định 1221/QĐ-ĐHNN: Khoản 8. Khoa Quốc tế học","Khoản 8. Khoa Quốc tế học Mức điểm IELTS và học phần được miễn học: - Trình độ B2:   + IELTS 5.5 → Kỹ năng tiếng B1.1, K"
chunk_615,1,certificate_conversion,"Quyết định 1221/QĐ-ĐHNN: Điều 4. Thời gian xét miễn học, miễn thi và quy đổi điểm học phần","Điều 4. Thời gian xét miễn học, miễn thi và quy đổi điểm học phần Vào đầu học kỳ, căn cứ vào chương trình đào tạo, sinh "
chunk_616,1,certificate_conversion,"Quyết định 1221/QĐ-ĐHNN: Điều 5. Thẩm quyền xét miễn học, miễn thi và quy đổi điểm học phần","Điều 5. Thẩm quyền xét miễn học, miễn thi và quy đổi điểm học phần 1. Trưởng Khoa chuyên môn xem xét đề xuất, Phòng Đào "